Phi_ext,I_theory,I_noisy,errors
-0.0002,5.728703618267066e-05,5.7476607715701916e-05,2e-07
-0.0001995991983967936,5.7401383161060864e-05,5.749707715410606e-05,2e-07
-0.00019919839679358718,5.752008525524026e-05,5.7679038771624496e-05,2e-07
-0.00019879759519038077,5.7642260154230516e-05,5.766900948599312e-05,2e-07
-0.00019839679358717437,5.7767059606395494e-05,5.744656777247422e-05,2e-07
-0.00019799599198396794,5.7893659112214836e-05,5.7864036078208374e-05,2e-07
-0.00019759519038076154,5.802124949047323e-05,5.7910929987513884e-05,2e-07
-0.0001971943887775551,5.8149029659179716e-05,5.854908703185277e-05,2e-07
-0.0001967935871743487,5.827620006090606e-05,5.826048333129573e-05,2e-07
-0.0001963927855711423,5.840195620960151e-05,5.902368929562399e-05,2e-07
-0.00019599198396793587,5.8525481844899436e-05,5.8608457953475426e-05,2e-07
-0.00019559118236472947,5.8645941151010815e-05,5.8209317719630056e-05,2e-07
-0.00019519038076152307,5.876246942885756e-05,5.898504132947329e-05,2e-07
-0.00019478957915831664,5.887416149856981e-05,5.874043338364906e-05,2e-07
-0.00019438877755511023,5.8980056950748955e-05,5.8930803614493275e-05,2e-07
-0.00019398797595190383,5.907912115696261e-05,5.928865692523953e-05,2e-07
-0.0001935871743486974,5.917022069934953e-05,5.9188348912766805e-05,2e-07
-0.000193186372745491,5.925209161466614e-05,5.920648981921883e-05,2e-07
-0.00019278557114228457,5.9323298648228564e-05,5.931712520050337e-05,2e-07
-0.00019238476953907816,5.938218376189886e-05,5.896514447127961e-05,2e-07
-0.00019198396793587176,5.942680283102355e-05,5.9418064983445544e-05,2e-07
-0.00019158316633266533,5.945485158701974e-05,5.954364662333709e-05,2e-07
-0.00019118236472945893,5.946358689552175e-05,5.930535229046534e-05,2e-07
-0.00019078156312625253,5.944975994800208e-05,5.895319190487841e-05,2e-07
-0.0001903807615230461,5.9409597643856414e-05,5.931155297601857e-05,2e-07
-0.0001899799599198397,5.933890120456462e-05,5.927397054750488e-05,2e-07
-0.00018957915831663326,5.923337586389938e-05,5.923108899939657e-05,2e-07
-0.00018917835671342686,5.9089343347611216e-05,5.872012185975564e-05,2e-07
-0.00018877755511022046,5.8904961390345856e-05,5.886561480518124e-05,2e-07
-0.00018837675350701403,5.868187755661874e-05,5.8799477055432264e-05,2e-07
-0.00018797595190380762,5.842680930672875e-05,5.8544004202058834e-05,2e-07
-0.00018757515030060122,5.815205951925855e-05,5.819056556864574e-05,2e-07
-0.0001871743486973948,5.787403240805405e-05,5.779616150699367e-05,2e-07
-0.0001867735470941884,5.760986570526548e-05,5.774725792401818e-05,2e-07
-0.00018637274549098196,5.7373693973042214e-05,5.6887684834462176e-05,2e-07
-0.00018597194388777556,5.717436211747974e-05,5.7493864130490464e-05,2e-07
-0.00018557114228456915,5.701526581829439e-05,5.730422535992538e-05,2e-07
-0.00018517034068136272,5.68956648457538e-05,5.719525249674338e-05,2e-07
-0.00018476953907815632,5.6812398151024355e-05,5.6780718715209216e-05,2e-07
-0.00018436873747494992,5.676129312603158e-05,5.6627871313112486e-05,2e-07
-0.0001839679358717435,5.673805931428882e-05,5.67087615125139e-05,2e-07
-0.00018356713426853708,5.6738743003529055e-05,5.659631553594314e-05,2e-07
-0.00018316633266533068,5.675989659174831e-05,5.6669582446394245e-05,2e-07
-0.00018276553106212425,5.67985936228599e-05,5.693120826260765e-05,2e-07
-0.00018236472945891785,5.685237435361654e-05,5.690837633836734e-05,2e-07
-0.00018196392785571142,5.691916874429184e-05,5.691434225195812e-05,2e-07
-0.00018156312625250502,5.6997219527952365e-05,5.7059714896955426e-05,2e-07
-0.0001811623246492986,5.708501456460604e-05,5.727197701710122e-05,2e-07
-0.00018076152304609218,5.7181230973540993e-05,5.718434133946303e-05,2e-07
-0.00018036072144288578,5.7284690546062744e-05,5.7524950377072314e-05,2e-07
-0.00017995991983967938,5.739432483534852e-05,5.7266683398703875e-05,2e-07
-0.00017955911823647295,5.75091480929251e-05,5.722144122391251e-05,2e-07
-0.00017915831663326654,5.7628236357784505e-05,5.7302907437836896e-05,2e-07
-0.00017875751503006014,5.775071125771927e-05,5.7878539785376936e-05,2e-07
-0.0001783567134268537,5.787572734352538e-05,5.745532292446624e-05,2e-07
-0.0001779559118236473,5.800246200218764e-05,5.800773569076509e-05,2e-07
-0.00017755511022044088,5.8130107172387766e-05,5.811631252261045e-05,2e-07
-0.00017715430861723447,5.8257862214438276e-05,5.779615635324169e-05,2e-07
-0.00017675350701402807,5.8384927370855146e-05,5.835153660672108e-05,2e-07
-0.00017635270541082164,5.8510497297231424e-05,5.847457783452626e-05,2e-07
-0.00017595190380761524,5.8633754148241664e-05,5.878292061300118e-05,2e-07
-0.00017555110220440884,5.875385967086088e-05,5.890805054886899e-05,2e-07
-0.0001751503006012024,5.8869945684299636e-05,5.938770094501766e-05,2e-07
-0.000174749498997996,5.8981102210094714e-05,5.908209753707943e-05,2e-07
-0.0001743486973947896,5.90863623521727e-05,5.905373747681123e-05,2e-07
-0.00017394789579158317,5.9184682813967505e-05,5.9815412228408624e-05,2e-07
-0.00017354709418837677,5.927491868587338e-05,5.893104646549133e-05,2e-07
-0.00017314629258517034,5.935579087349113e-05,5.8897861796483977e-05,2e-07
-0.00017274549098196393,5.9425844351424784e-05,5.9546940327624294e-05,2e-07
-0.00017234468937875753,5.948339551781872e-05,5.940353155551522e-05,2e-07
-0.0001719438877755511,5.952646771449872e-05,5.970618828529297e-05,2e-07
-0.0001715430861723447,5.955271630929841e-05,5.961817366461076e-05,2e-07
-0.00017114228456913827,5.955935018084574e-05,5.978415325299785e-05,2e-07
-0.00017074148296593187,5.9543067668636e-05,5.927877347200181e-05,2e-07
-0.00017034068136272546,5.950004590568992e-05,5.941148990488254e-05,2e-07
-0.00016993987975951906,5.942605662532509e-05,5.925222513581661e-05,2e-07
-0.00016953907815631263,5.931682696275628e-05,5.9577480390140084e-05,2e-07
-0.00016913827655310623,5.916879857646277e-05,5.897094590309641e-05,2e-07
-0.0001687374749498998,5.898039919658071e-05,5.900340515889426e-05,2e-07
-0.0001683366733466934,5.8753720876065775e-05,5.8726025270298386e-05,2e-07
-0.000167935871743487,5.8496043908322186e-05,5.8334453580968704e-05,2e-07
-0.00016753507014028056,5.822018511363874e-05,5.836973696634004e-05,2e-07
-0.00016713426853707416,5.7942795252224785e-05,5.804748409372294e-05,2e-07
-0.00016673346693386773,5.768086825057902e-05,5.770008064197597e-05,2e-07
-0.00016633266533066133,5.744807755231814e-05,5.7665689590921046e-05,2e-07
-0.00016593186372745492,5.72526977559099e-05,5.685922667853252e-05,2e-07
-0.00016553106212424852,5.709763724889538e-05,5.714207914042195e-05,2e-07
-0.0001651302605210421,5.698183787176249e-05,5.687314950977761e-05,2e-07
-0.0001647294589178357,5.6901982223371407e-05,5.693262969350475e-05,2e-07
-0.00016432865731462926,5.685385405080444e-05,5.6593547143293365e-05,2e-07
-0.00016392785571142285,5.683318203848986e-05,5.6597065122473176e-05,2e-07
-0.00016352705410821645,5.683605888621354e-05,5.7074091183921724e-05,2e-07
-0.00016312625250501002,5.6859090094214416e-05,5.686203502590789e-05,2e-07
-0.00016272545090180362,5.689939896646032e-05,5.657511768660554e-05,2e-07
-0.0001623246492985972,5.695456831336696e-05,5.724157115493283e-05,2e-07
-0.00016192384769539078,5.7022562723086096e-05,5.7205324712937364e-05,2e-07
-0.00016152304609218438,5.710165229652776e-05,5.717672423005894e-05,2e-07
-0.00016112224448897798,5.719034613793893e-05,5.680040277676621e-05,2e-07
-0.00016072144288577155,5.728733766634076e-05,5.732830099233323e-05,2e-07
-0.00016032064128256515,5.7391461076477454e-05,5.7496427047921e-05,2e-07
-0.00015991983967935872,5.7501657295182445e-05,5.766935191639375e-05,2e-07
-0.0001595190380761523,5.761694760557133e-05,5.778709977047076e-05,2e-07
-0.0001591182364729459,5.773641326773419e-05,5.7767563252270845e-05,2e-07
-0.00015871743486973948,5.7859179722358255e-05,5.806816060434135e-05,2e-07
-0.00015831663326653308,5.7984404222439286e-05,5.7976290173839176e-05,2e-07
-0.00015791583166332665,5.811126595915243e-05,5.8390358919222876e-05,2e-07
-0.00015751503006012024,5.823895792023694e-05,5.7974218179465174e-05,2e-07
-0.00015711422845691384,5.8366679843337336e-05,5.854193073728059e-05,2e-07
-0.0001567134268537074,5.849363170664529e-05,5.8521528104364144e-05,2e-07
-0.000156312625250501,5.8619007238704464e-05,5.86336481085122e-05,2e-07
-0.00015591182364729458,5.874198693067087e-05,5.859648155423266e-05,2e-07
-0.00015551102204408818,5.8861729997685684e-05,5.848357061679413e-05,2e-07
-0.00015511022044088177,5.8977364659284e-05,5.9022668533830276e-05,2e-07
-0.00015470941883767537,5.90879759881249e-05,5.916253361867802e-05,2e-07
-0.00015430861723446894,5.9192590407756225e-05,5.9264516196447004e-05,2e-07
-0.00015390781563126254,5.929015570270512e-05,5.905856635354938e-05,2e-07
-0.0001535070140280561,5.937951514742623e-05,5.948319766556868e-05,2e-07
-0.0001531062124248497,5.94593741003958e-05,5.916090728217995e-05,2e-07
-0.0001527054108216433,5.95282572399797e-05,6.005070201693393e-05,2e-07
-0.00015230460921843687,5.958445475497579e-05,5.9704350775413134e-05,2e-07
-0.00015190380761523047,5.962595669947881e-05,5.9343526895412125e-05,2e-07
-0.00015150300601202404,5.9650377278732174e-05,5.98973486744112e-05,2e-07
-0.00015110220440881764,5.965487671328716e-05,5.9578634969492524e-05,2e-07
-0.00015070140280561123,5.96361003252346e-05,5.949927923538844e-05,2e-07
-0.00015030060120240483,5.959017654109866e-05,5.988922376429617e-05,2e-07
-0.0001498997995991984,5.9512851080481435e-05,5.96542385184876e-05,2e-07
-0.000149498997995992,5.939988045701237e-05,5.966412056534222e-05,2e-07
-0.00014909819639278557,5.924783903368754e-05,5.950573472952929e-05,2e-07
-0.00014869739478957916,5.9055441771564056e-05,5.8885808251842465e-05,2e-07
-0.00014829659318637276,5.882524136162078e-05,5.885343952781176e-05,2e-07
-0.00014789579158316633,5.856508527034621e-05,5.853150601806037e-05,2e-07
-0.00014749498997995993,5.8288287059930766e-05,5.8319955589687324e-05,2e-07
-0.0001470941883767535,5.80117076339043e-05,5.801280320408601e-05,2e-07
-0.0001466933867735471,5.775215883856852e-05,5.7694552302448276e-05,2e-07
-0.0001462925851703407,5.752283178965533e-05,5.7661248718368616e-05,2e-07
-0.0001458917835671343,5.7331431851705557e-05,5.75171672680689e-05,2e-07
-0.00014549098196392786,5.718039507516168e-05,5.718502848990448e-05,2e-07
-0.00014509018036072146,5.7068362983513645e-05,5.673850003622054e-05,2e-07
-0.00014468937875751503,5.699187553653696e-05,5.671145392697219e-05,2e-07
-0.00014428857715430862,5.694668117585639e-05,5.683791039802031e-05,2e-07
-0.00014388777555110222,5.6928531781271356e-05,5.684529822776427e-05,2e-07
-0.0001434869739478958,5.6933567846951906e-05,5.6730234105883287e-05,2e-07
-0.0001430861723446894,5.695844796042465e-05,5.708380593954761e-05,2e-07
-0.00014268537074148296,5.700034456814614e-05,5.713370161482987e-05,2e-07
-0.00014228456913827655,5.7056882240804775e-05,5.706708909118639e-05,2e-07
-0.00014188376753507015,5.712605942561576e-05,5.720890956315699e-05,2e-07
-0.00014148296593186375,5.7206172924896666e-05,5.72742741207322e-05,2e-07
-0.00014108216432865732,5.729575254098086e-05,5.728540211843023e-05,2e-07
-0.00014068136272545092,5.7393507558678095e-05,5.742242193866634e-05,2e-07
-0.00014028056112224449,5.7498284237273316e-05,5.7302229255860086e-05,2e-07
-0.00013987975951903808,5.760903261488627e-05,5.778599463245891e-05,2e-07
-0.00013947895791583168,5.772478080359398e-05,5.781028631963102e-05,2e-07
-0.00013907815631262525,5.784461512756942e-05,5.8133376245004066e-05,2e-07
-0.00013867735470941885,5.7967664717477055e-05,5.8051642837756114e-05,2e-07
-0.00013827655310621242,5.8093089430392434e-05,5.788760403409402e-05,2e-07
-0.00013787575150300601,5.822007018078641e-05,5.789137627043026e-05,2e-07
-0.0001374749498997996,5.834780093544532e-05,5.869335601924576e-05,2e-07
-0.0001370741482965932,5.8475481744676816e-05,5.8719574015009405e-05,2e-07
-0.00013667334669338678,5.860231225786614e-05,5.8738399307388545e-05,2e-07
-0.00013627254509018035,5.872748520708283e-05,5.8467425993357296e-05,2e-07
-0.00013587174348697395,5.885017934009395e-05,5.864462042150532e-05,2e-07
-0.00013547094188376754,5.89695512436241e-05,5.918788895997075e-05,2e-07
-0.00013507014028056114,5.908472541677479e-05,5.885049689729556e-05,2e-07
-0.0001346693386773547,5.919478182923597e-05,5.9199014080853725e-05,2e-07
-0.0001342685370741483,5.929874002542644e-05,5.908117408458107e-05,2e-07
-0.00013386773547094188,5.939553861362875e-05,5.924337191508006e-05,2e-07
-0.00013346693386773547,5.94840087198331e-05,5.978703296934113e-05,2e-07
-0.00013306613226452907,5.9562839729217886e-05,5.9744144413155184e-05,2e-07
-0.00013266533066132267,5.963053548663593e-05,5.9385723028370954e-05,2e-07
-0.00013226452905811624,5.968535931397503e-05,5.9579878782811995e-05,2e-07
-0.0001318637274549098,5.972526721479472e-05,5.989436693094942e-05,2e-07
-0.0001314629258517034,5.974783143528248e-05,5.9666059733471954e-05,2e-07
-0.000131062124248497,5.97501628959497e-05,5.979380586371305e-05,2e-07
-0.0001306613226452906,5.972885381924048e-05,6.009876694221334e-05,2e-07
-0.00013026052104208417,5.9679985164677425e-05,5.947520796930229e-05,2e-07
-0.00012985971943887774,5.95992804377986e-05,5.9702124858987155e-05,2e-07
-0.00012945891783567134,5.9482533495342606e-05,5.9659837671304526e-05,2e-07
-0.00012905811623246493,5.93264647179862e-05,5.9255832328361114e-05,2e-07
-0.00012865731462925853,5.913009377129996e-05,5.87362564768855e-05,2e-07
-0.00012825651302605213,5.8896449494769984e-05,5.864297125692548e-05,2e-07
-0.0001278557114228457,5.863394903967608e-05,5.892390660510769e-05,2e-07
-0.00012745490981963927,5.835638320565562e-05,5.830216578212527e-05,2e-07
-0.00012705410821643286,5.808078549333674e-05,5.802272292618826e-05,2e-07
-0.00012665330661322646,5.7823748390279156e-05,5.767772500607054e-05,2e-07
-0.00012625250501002006,5.759796175323412e-05,5.755009157309898e-05,2e-07
-0.00012585170340681363,5.7410564691371314e-05,5.7207535940273236e-05,2e-07
-0.0001254509018036072,5.726353659904811e-05,5.725904379409156e-05,2e-07
-0.0001250501002004008,5.715523610225369e-05,5.7445463593930324e-05,2e-07
-0.0001246492985971944,5.708207370023039e-05,5.69836375206816e-05,2e-07
-0.000124248496993988,5.7039770370608993e-05,5.689456738870371e-05,2e-07
-0.00012384769539078156,5.702410490535918e-05,5.7264804551589446e-05,2e-07
-0.00012344689378757516,5.703126678648251e-05,5.7206219952562485e-05,2e-07
-0.00012304609218436873,5.7057967585068016e-05,5.6878083885295486e-05,2e-07
-0.00012264529058116232,5.710142824046303e-05,5.7143033173721675e-05,2e-07
-0.00012224448897795592,5.715931428636542e-05,5.72872123695123e-05,2e-07
-0.0001218436873747495,5.7229657268339266e-05,5.785049070768552e-05,2e-07
-0.00012144288577154309,5.73107800355175e-05,5.718696440287972e-05,2e-07
-0.00012104208416833667,5.7401232553993554e-05,5.7416762923152774e-05,2e-07
-0.00012064128256513027,5.749973955076064e-05,5.735697202830464e-05,2e-07
-0.00012024048096192385,5.760515901922011e-05,5.76929698787657e-05,2e-07
-0.00011983967935871744,5.77164498530967e-05,5.784708551167611e-05,2e-07
-0.00011943887775551102,5.783264679595089e-05,5.792765309072382e-05,2e-07
-0.00011903807615230462,5.795284108291217e-05,5.8088645644388014e-05,2e-07
-0.0001186372745490982,5.807616541456949e-05,5.839990310422629e-05,2e-07
-0.00011823647294589178,5.820178215600001e-05,5.8521163081667044e-05,2e-07
-0.00011783567134268537,5.832887386543298e-05,5.843737459890199e-05,2e-07
-0.00011743486973947896,5.845663541946259e-05,5.845703754345084e-05,2e-07
-0.00011703406813627255,5.858426711663835e-05,5.875377621365131e-05,2e-07
-0.00011663326653306613,5.8710968212799396e-05,5.863075140699567e-05,2e-07
-0.00011623246492985973,5.88359303733285e-05,5.899875409841542e-05,2e-07
-0.00011583166332665331,5.895833052135789e-05,5.864928456934007e-05,2e-07
-0.0001154308617234469,5.9077322516556305e-05,5.911288720582456e-05,2e-07
-0.00011503006012024048,5.919202701394329e-05,5.929757090693585e-05,2e-07
-0.00011462925851703408,5.930151872223473e-05,5.945151965157177e-05,2e-07
-0.00011422845691382766,5.940481010278299e-05,5.9495973644140015e-05,2e-07
-0.00011382765531062124,5.950083032355601e-05,5.9320036125687404e-05,2e-07
-0.00011342685370741483,5.958839802103632e-05,5.9762145274033866e-05,2e-07
-0.00011302605210420842,5.9666186170547167e-05,6.0094714166693825e-05,2e-07
-0.00011262525050100201,5.973267723430421e-05,6.0140537416683065e-05,2e-07
-0.00011222444889779559,5.97861069979087e-05,5.961770711902507e-05,2e-07
-0.00011182364729458918,5.982439664365616e-05,5.9884794795444626e-05,2e-07
-0.00011142284569138277,5.98450756665515e-05,6.005715380951033e-05,2e-07
-0.00011102204408817636,5.9845205078142944e-05,5.972449212535374e-05,2e-07
-0.00011062124248496994,5.9821324009671356e-05,5.98836563830384e-05,2e-07
-0.00011022044088176354,5.976946738519371e-05,5.987490180463416e-05,2e-07
-0.00010981963927855712,5.968534063766753e-05,5.963605524169099e-05,2e-07
-0.0001094188376753507,5.956478343282436e-05,5.95759231096863e-05,2e-07
-0.00010901803607214429,5.940467601414482e-05,5.9159649819463085e-05,2e-07
-0.00010861723446893788,5.920436040286406e-05,5.967835543108173e-05,2e-07
-0.00010821643286573147,5.896735634214271e-05,5.874278210559767e-05,2e-07
-0.00010781563126252505,5.8702651250355694e-05,5.865784938231023e-05,2e-07
-0.00010741482965931863,5.8424491392946036e-05,5.84486302615072e-05,2e-07
-0.00010701402805611223,5.81500443757249e-05,5.8383650691447447e-05,2e-07
-0.00010661322645290582,5.789564723986562e-05,5.762401288441491e-05,2e-07
-0.0001062124248496994,5.767347196324167e-05,5.7283520729333236e-05,2e-07
-0.00010581162324649298,5.7490096180025987e-05,5.7484277281846606e-05,2e-07
-0.00010541082164328658,5.734705892013868e-05,5.7881016815625325e-05,2e-07
-0.00010501002004008016,5.724245307920533e-05,5.740527764286098e-05,2e-07
-0.00010460921843687375,5.7172572331339474e-05,5.725160706548619e-05,2e-07
-0.00010420841683366733,5.713311754743656e-05,5.6903390954208054e-05,2e-07
-0.00010380761523046093,5.711989782735301e-05,5.706942885706339e-05,2e-07
-0.00010340681362725451,5.7129152657776836e-05,5.715917846447726e-05,2e-07
-0.0001030060120240481,5.715764640825786e-05,5.683654508289661e-05,2e-07
-0.00010260521042084169,5.720264783326829e-05,5.6987504605125664e-05,2e-07
-0.00010220440881763527,5.726186263013765e-05,5.7339860298990325e-05,2e-07
-0.00010180360721442886,5.7333354690812557e-05,5.734990315339881e-05,2e-07
-0.00010140280561122244,5.741547226861196e-05,5.749604458536185e-05,2e-07
-0.00010100200400801604,5.7506784970782414e-05,5.719892310854433e-05,2e-07
-0.00010060120240480962,5.760603255305202e-05,5.753486013019865e-05,2e-07
-0.0001002004008016032,5.771208442080053e-05,5.743968057150213e-05,2e-07
-9.979959919839679e-05,5.782390807419764e-05,5.7882321975972636e-05,2e-07
-9.939879759519039e-05,5.7940544695826296e-05,5.7945227638883975e-05,2e-07
-9.899799599198397e-05,5.806109028241775e-05,5.800883132786064e-05,2e-07
-9.859719438877755e-05,5.818468098720935e-05,5.821469939954109e-05,2e-07
-9.819639278557114e-05,5.831048158916694e-05,5.8575740272219095e-05,2e-07
-9.779559118236473e-05,5.843767621203464e-05,5.875512969270046e-05,2e-07
-9.739478957915832e-05,5.8565460573698875e-05,5.8796227615832436e-05,2e-07
-9.69939879759519e-05,5.86930351567227e-05,5.8861606472426076e-05,2e-07
-9.65931863727455e-05,5.8819598758347727e-05,5.911593938088477e-05,2e-07
-9.619238476953908e-05,5.894434190621453e-05,5.8796384602909413e-05,2e-07
-9.579158316633267e-05,5.9066439616140596e-05,5.884174081595036e-05,2e-07
-9.539078156312625e-05,5.918504291996585e-05,5.906859106304058e-05,2e-07
-9.498997995991985e-05,5.929926850199488e-05,5.949580151276132e-05,2e-07
-9.458917835671343e-05,5.94081856479343e-05,5.941184066024263e-05,2e-07
-9.418837675350701e-05,5.951079952680289e-05,5.905770611713613e-05,2e-07
-9.37875751503006e-05,5.960602959528682e-05,5.9508843154994235e-05,2e-07
-9.33867735470942e-05,5.969268165061112e-05,5.957928256263645e-05,2e-07
-9.298597194388778e-05,5.9769411811123996e-05,5.978230955530833e-05,2e-07
-9.258517034068136e-05,5.983468059533854e-05,5.9820416282324394e-05,2e-07
-9.218436873747494e-05,5.988669557154602e-05,5.9782017775862106e-05,2e-07
-9.178356713426854e-05,5.9923342322871644e-05,6.009443240050908e-05,2e-07
-9.138276553106213e-05,5.9942106807309284e-05,5.9925870494708535e-05,2e-07
-9.098196392785571e-05,5.993999955577975e-05,6.004782185449114e-05,2e-07
-9.05811623246493e-05,5.991350671539413e-05,5.960392946253647e-05,2e-07
-9.018036072144289e-05,5.985861881126153e-05,5.9658837433882734e-05,2e-07
-8.977955911823647e-05,5.977102770388069e-05,5.9564913288115965e-05,2e-07
-8.937875751503006e-05,5.9646627847345705e-05,5.987998274867739e-05,2e-07
-8.897795591182365e-05,5.9482473711755116e-05,5.917587036876392e-05,2e-07
-8.857715430861724e-05,5.927824743588436e-05,5.9019764652170174e-05,2e-07
-8.817635270541082e-05,5.90379735470038e-05,5.8916308677060085e-05,2e-07
-8.77755511022044e-05,5.877120829081111e-05,5.899012575072843e-05,2e-07
-8.7374749498998e-05,5.8492629415471215e-05,5.85176817423402e-05,2e-07
-8.697394789579159e-05,5.821949940108657e-05,5.831210959148192e-05,2e-07
-8.657314629258517e-05,5.796786512912831e-05,5.822596235481989e-05,2e-07
-8.617234468937875e-05,5.7749366404967563e-05,5.78350710198251e-05,2e-07
-8.577154308617235e-05,5.757002586022564e-05,5.7236377557205e-05,2e-07
-8.537074148296593e-05,5.743095895141558e-05,5.725838904763645e-05,2e-07
-8.496993987975952e-05,5.7330009705634464e-05,5.778998042372337e-05,2e-07
-8.45691382765531e-05,5.726336705908447e-05,5.7434606764951975e-05,2e-07
-8.41683366733467e-05,5.722671866363366e-05,5.749470006285128e-05,2e-07
-8.376753507014028e-05,5.7215907017970496e-05,5.7051108777094455e-05,2e-07
-8.336673346693386e-05,5.722722246550541e-05,5.724911340694545e-05,2e-07
-8.296593186372746e-05,5.725748191473786e-05,5.742207755240948e-05,2e-07
-8.256513026052104e-05,5.7304001232926154e-05,5.699170650574172e-05,2e-07
-8.216432865731463e-05,5.7364525481153045e-05,5.725905953657727e-05,2e-07
-8.176352705410821e-05,5.743715015510312e-05,5.720514113059753e-05,2e-07
-8.136272545090181e-05,5.752024828169778e-05,5.7618038984802104e-05,2e-07
-8.096192384769539e-05,5.761240859832779e-05,5.765233066864806e-05,2e-07
-8.056112224448898e-05,5.7712385485985864e-05,5.774962279276005e-05,2e-07
-8.016032064128256e-05,5.781905944798917e-05,5.79979515978548e-05,2e-07
-7.975951903807616e-05,5.7931406348152634e-05,5.811493914476281e-05,2e-07
-7.935871743486974e-05,5.8048473620497094e-05,5.773613810129514e-05,2e-07
-7.895791583166332e-05,5.816936187766865e-05,5.817455498072977e-05,2e-07
-7.855711422845691e-05,5.829321061096373e-05,5.849787760301062e-05,2e-07
-7.81563126252505e-05,5.8419186921014024e-05,5.852436040308942e-05,2e-07
-7.775551102204409e-05,5.8546476420070425e-05,5.811839254327555e-05,2e-07
-7.735470941883769e-05,5.8674275599459996e-05,5.844987380041892e-05,2e-07
-7.695390781563126e-05,5.8801785061679546e-05,5.879204277225161e-05,2e-07
-7.655310621242485e-05,5.8928203079958654e-05,5.90968550850533e-05,2e-07
-7.615230460921845e-05,5.905271897223864e-05,5.912168222235635e-05,2e-07
-7.575150300601202e-05,5.917450576284323e-05,5.910760479520992e-05,2e-07
-7.535070140280562e-05,5.9292711552798474e-05,5.9320302052010304e-05,2e-07
-7.494989979959919e-05,5.940644892598768e-05,5.929338463647579e-05,2e-07
-7.454909819639278e-05,5.951478157891986e-05,5.9601990565210085e-05,2e-07
-7.414829659318638e-05,5.961670717354082e-05,5.913252715719675e-05,2e-07
-7.374749498997995e-05,5.971113517721684e-05,5.95338717979761e-05,2e-07
-7.334669338677355e-05,5.979685818926994e-05,5.981382820659959e-05,2e-07
-7.294589178356714e-05,5.987251501322298e-05,5.9711382375458165e-05,2e-07
-7.254509018036071e-05,5.993654365080267e-05,5.977611377534235e-05,2e-07
-7.214428857715431e-05,5.998712276052022e-05,6.005522158210344e-05,2e-07
-7.174348697394788e-05,6.002210154208331e-05,6.0041685159991836e-05,2e-07
-7.134268537074148e-05,6.003892163907666e-05,6.011163751806595e-05,2e-07
-7.094188376753508e-05,6.0034542571907455e-05,5.971497020946153e-05,2e-07
-7.054108216432865e-05,6.000539771766142e-05,6.030200488553153e-05,2e-07
-7.014028056112224e-05,5.9947435057450766e-05,6.01726980564039e-05,2e-07
-6.973947895791584e-05,5.98563377549861e-05,5.998773377941827e-05,2e-07
-6.933867735470941e-05,5.972806455649371e-05,5.9639110499276866e-05,2e-07
-6.893787575150301e-05,5.9559859023751244e-05,5.9528832162748876e-05,2e-07
-6.85370741482966e-05,5.93517612125644e-05,5.932098897282098e-05,2e-07
-6.813627254509017e-05,5.910831331823199e-05,5.921474267981462e-05,2e-07
-6.773547094188377e-05,5.8839636869107e-05,5.8778258597698816e-05,2e-07
-6.733466933867734e-05,5.856081497564943e-05,5.845937507525581e-05,2e-07
-6.693386773547094e-05,5.8289165236382855e-05,5.874827692404982e-05,2e-07
-6.653306613226454e-05,5.80404112044007e-05,5.7792442478814715e-05,2e-07
-6.61322645290581e-05,5.7825648543050484e-05,5.717749502591231e-05,2e-07
-6.57314629258517e-05,5.765035293077572e-05,5.7321857376134894e-05,2e-07
-6.53306613226453e-05,5.75152334345099e-05,5.757147756794971e-05,2e-07
-6.492985971943887e-05,5.74179017223479e-05,5.7343944186416656e-05,2e-07
-6.452905811623247e-05,5.735445352976822e-05,5.7621682886759045e-05,2e-07
-6.412825651302606e-05,5.7320569723151136e-05,5.754895846908742e-05,2e-07
-6.372745490981963e-05,5.731212900217949e-05,5.698276699787174e-05,2e-07
-6.332665330661323e-05,5.732547326545946e-05,5.745797823637836e-05,2e-07
-6.29258517034068e-05,5.735747163307957e-05,5.7509860248850853e-05,2e-07
-6.25250501002004e-05,5.7405486361512184e-05,5.7262407719598055e-05,2e-07
-6.2124248496994e-05,5.746730107668703e-05,5.7296241206723935e-05,2e-07
-6.172344689378757e-05,5.754104214521388e-05,5.766436546323897e-05,2e-07
-6.132264529058116e-05,5.762510674912937e-05,5.751074303070283e-05,2e-07
-6.092184368737476e-05,5.7718102256428536e-05,5.8045924118366734e-05,2e-07
-6.052104208416833e-05,5.781879727968693e-05,5.768603665617352e-05,2e-07
-6.0120240480961926e-05,5.7926083114036975e-05,5.788850602398262e-05,2e-07
-5.9719438877755496e-05,5.8038943750337904e-05,5.806380523346904e-05,2e-07
-5.9318637274549094e-05,5.815643269120656e-05,5.8116979311902815e-05,2e-07
-5.891783567134269e-05,5.827765502307455e-05,5.838248770638098e-05,2e-07
-5.851703406813626e-05,5.840175346330791e-05,5.81504250782463e-05,2e-07
-5.811623246492986e-05,5.852789734380512e-05,5.8686066753552806e-05,2e-07
-5.7715430861723455e-05,5.865527368948967e-05,5.9111652479410376e-05,2e-07
-5.7314629258517025e-05,5.878307969788681e-05,5.8810987897295904e-05,2e-07
-5.691382765531062e-05,5.891051602744373e-05,5.866473050638458e-05,2e-07
-5.651302605210422e-05,5.90367803615472e-05,5.90219653853938e-05,2e-07
-5.611222444889779e-05,5.916106073553095e-05,5.929388111589034e-05,2e-07
-5.5711422845691386e-05,5.9282528096476e-05,5.9089386125353475e-05,2e-07
-5.5310621242484956e-05,5.940032750932116e-05,5.931034502838611e-05,2e-07
-5.490981963927855e-05,5.951356732464667e-05,5.942310983381223e-05,2e-07
-5.450901803607215e-05,5.962130547930825e-05,5.981361859521797e-05,2e-07
-5.410821643286572e-05,5.9722531907818255e-05,5.965939815393124e-05,2e-07
-5.370741482965932e-05,5.981614580293781e-05,5.9834105806693414e-05,2e-07
-5.3306613226452914e-05,5.9900926198357815e-05,6.009451596252571e-05,2e-07
-5.2905811623246484e-05,5.9975494114024315e-05,5.997723706088387e-05,2e-07
-5.250501002004008e-05,6.0038264449722425e-05,6.003619766013324e-05,2e-07
-5.210420841683368e-05,6.008738625051114e-05,6.010966732202832e-05,2e-07
-5.170340681362725e-05,6.0120671543020296e-05,6.0255371994670776e-05,2e-07
-5.1302605210420846e-05,6.013551688976993e-05,6.026752613139109e-05,2e-07
-5.0901803607214416e-05,6.0128830317383586e-05,6.02158785629859e-05,2e-07
-5.050100200400801e-05,6.009699276292864e-05,6.024579181045678e-05,2e-07
-5.010020040080161e-05,6.003591175085423e-05,5.984205244775905e-05,2e-07
-4.969939879759518e-05,5.994126701622156e-05,5.981828510644385e-05,2e-07
-4.929859719438878e-05,5.9809091634871386e-05,6.005274566051397e-05,2e-07
-4.8897795591182374e-05,5.963683360465349e-05,5.965314731337182e-05,2e-07
-4.8496993987975944e-05,5.94249086561261e-05,5.9576274217759434e-05,2e-07
-4.809619238476954e-05,5.917838841677023e-05,5.9405942380571586e-05,2e-07
-4.769539078156311e-05,5.890795397640542e-05,5.905668647389058e-05,2e-07
-4.729458917835671e-05,5.8629065642412124e-05,5.821766004936732e-05,2e-07
-4.6893787575150305e-05,5.8359056070010154e-05,5.840375391271753e-05,2e-07
-4.6492985971943875e-05,5.811329401571063e-05,5.792147499580497e-05,2e-07
-4.609218436873747e-05,5.790232133670278e-05,5.7720232058129483e-05,2e-07
-4.569138276553107e-05,5.7731076265421306e-05,5.766332261178634e-05,2e-07
-4.529058116232464e-05,5.759987895439404e-05,5.738580631176671e-05,2e-07
-4.488977955911824e-05,5.750612482865945e-05,5.735533796533575e-05,2e-07
-4.4488977955911834e-05,5.7445827411154325e-05,5.7575915469136774e-05,2e-07
-4.4088176352705404e-05,5.741466677811659e-05,5.7337757013891124e-05,2e-07
-4.3687374749499e-05,5.7408560359226885e-05,5.766998135973481e-05,2e-07
-4.328657314629257e-05,5.7423902163933526e-05,5.761034651279844e-05,2e-07
-4.288577154308617e-05,5.745761313487217e-05,5.7808024900110605e-05,2e-07
-4.2484969939879765e-05,5.750710117602311e-05,5.768904845200769e-05,2e-07
-4.2084168336673335e-05,5.75701876815742e-05,5.744552885344082e-05,2e-07
-4.168336673346693e-05,5.764502916651932e-05,5.757155310554149e-05,2e-07
-4.128256513026053e-05,5.773004636164921e-05,5.7729470589841145e-05,2e-07
-4.08817635270541e-05,5.7823864777351384e-05,5.7740748567113636e-05,2e-07
-4.0480961923847696e-05,5.792526687370325e-05,5.7883346452494346e-05,2e-07
-4.0080160320641266e-05,5.8033154439264815e-05,5.7990963921203705e-05,2e-07
-3.967935871743486e-05,5.81465193613795e-05,5.77900113258099e-05,2e-07
-3.927855711422846e-05,5.826442103303467e-05,5.811319573245016e-05,2e-07
-3.887775551102203e-05,5.8385968875770694e-05,5.810293905733957e-05,2e-07
-3.847695390781563e-05,5.851030872354581e-05,5.8264504704495526e-05,2e-07
-3.8076152304609225e-05,5.863661205087928e-05,5.861449858769334e-05,2e-07
-3.7675350701402795e-05,5.876406722064609e-05,5.860637895641728e-05,2e-07
-3.727454909819639e-05,5.889187206989027e-05,5.9152025686840274e-05,2e-07
-3.687374749498999e-05,5.901922724906615e-05,5.9234487485107134e-05,2e-07
-3.647294589178356e-05,5.91453297854214e-05,5.924529770108281e-05,2e-07
-3.6072144288577156e-05,5.926936635775993e-05,5.9064338467883294e-05,2e-07
-3.5671342685370726e-05,5.939050574854137e-05,5.920630484850773e-05,2e-07
-3.527054108216432e-05,5.950788987897378e-05,5.939832708266046e-05,2e-07
-3.486973947895792e-05,5.9620622730176895e-05,5.971613071798481e-05,2e-07
-3.446893787575149e-05,5.97277563045047e-05,5.9738612358342774e-05,2e-07
-3.406813627254509e-05,5.982827258290461e-05,5.9830144965188916e-05,2e-07
-3.3667334669338684e-05,5.9921060190827946e-05,5.989948536253895e-05,2e-07
-3.3266533066132254e-05,6.000488421933343e-05,6.006352204464646e-05,2e-07
-3.286573146292585e-05,6.0078347424974996e-05,6.002387316244809e-05,2e-07
-3.246492985971945e-05,6.013984100833108e-05,6.004574317507785e-05,2e-07
-3.206412825651302e-05,6.018748368642646e-05,6.0028218792598766e-05,2e-07
-3.1663326653306616e-05,6.021904951877171e-05,6.027857125247247e-05,2e-07
-3.1262525050100185e-05,6.023188923341286e-05,6.003287683586208e-05,2e-07
-3.086172344689378e-05,6.022285893170639e-05,6.035903855328475e-05,2e-07
-3.046092184368738e-05,6.0188287565967214e-05,6.02870741400863e-05,2e-07
-3.006012024048095e-05,6.0124044538128017e-05,6.020950928186464e-05,2e-07
-2.9659318637274547e-05,6.0025811832038615e-05,5.988064255297224e-05,2e-07
-2.9258517034068144e-05,5.988970743181343e-05,5.994159531338574e-05,2e-07
-2.8857715430861714e-05,5.971339956840189e-05,5.968700154527138e-05,2e-07
-2.845691382765531e-05,5.949769727753146e-05,5.9812659353529365e-05,2e-07
-2.805611222444888e-05,5.924821213952077e-05,5.92527894176006e-05,2e-07
-2.7655310621242478e-05,5.897617684882311e-05,5.866940817196008e-05,2e-07
-2.7254509018036075e-05,5.8697398809713536e-05,5.885005749310763e-05,2e-07
-2.6853707414829645e-05,5.842918558872849e-05,5.842688411884794e-05,2e-07
-2.6452905811623242e-05,5.8186521518127255e-05,5.862819603979676e-05,2e-07
-2.605210420841684e-05,5.797938725582875e-05,5.796342462850306e-05,2e-07
-2.565130260521041e-05,5.781219443138105e-05,5.7984591513785326e-05,2e-07
-2.5250501002004006e-05,5.768489195349941e-05,5.7272654928664676e-05,2e-07
-2.4849699398797603e-05,5.7594674690809235e-05,5.776107367200918e-05,2e-07
-2.4448897795591173e-05,5.753748439648108e-05,5.7806782915410835e-05,2e-07
-2.404809619238477e-05,5.7509005930154054e-05,5.764837079474769e-05,2e-07
-2.364729458917834e-05,5.750519772257265e-05,5.745497629205362e-05,2e-07
-2.3246492985971938e-05,5.7522506317074126e-05,5.772533528435551e-05,2e-07
-2.2845691382765535e-05,5.755790403390742e-05,5.7178513999303474e-05,2e-07
-2.2444889779559105e-05,5.7608843667594595e-05,5.7883240815529635e-05,2e-07
-2.2044088176352702e-05,5.76731835875334e-05,5.745009999717931e-05,2e-07
-2.16432865731463e-05,5.774910974521628e-05,5.790316769143872e-05,2e-07
-2.124248496993987e-05,5.7835065825952854e-05,5.7874112953881934e-05,2e-07
-2.0841683366733466e-05,5.7929695005489026e-05,5.785870495255747e-05,2e-07
-2.0440881763527063e-05,5.803179321673933e-05,5.774769242274131e-05,2e-07
-2.0040080160320633e-05,5.8140272450858826e-05,5.748726802281598e-05,2e-07
-1.963927855711423e-05,5.8254132266998205e-05,5.808590774317326e-05,2e-07
-1.92384769539078e-05,5.837243777477792e-05,5.843585495515171e-05,2e-07
-1.8837675350701397e-05,5.84943025955183e-05,5.8549471146479616e-05,2e-07
-1.8436873747494994e-05,5.8618875572727846e-05,5.8660323602419164e-05,2e-07
-1.8036072144288564e-05,5.8745330236579606e-05,5.896906833486467e-05,2e-07
-1.763527054108216e-05,5.88728562142364e-05,5.8550690934590344e-05,2e-07
-1.723446893787576e-05,5.9000651916086304e-05,5.879450375492683e-05,2e-07
-1.683366733466933e-05,5.9127917920644034e-05,5.925844690844942e-05,2e-07
-1.6432865731462926e-05,5.925385053220255e-05,5.9523541344598955e-05,2e-07
-1.6032064128256496e-05,5.937763499804086e-05,5.940362488085324e-05,2e-07
-1.5631262525050093e-05,5.949843784691842e-05,5.9370287608646645e-05,2e-07
-1.523046092184369e-05,5.9615397746217036e-05,5.965773698234512e-05,2e-07
-1.482965931863726e-05,5.972761416806577e-05,5.956125306874546e-05,2e-07
-1.4428857715430857e-05,5.983413300094972e-05,5.981855052510494e-05,2e-07
-1.4028056112224454e-05,5.9933928040193376e-05,5.993487294647471e-05,2e-07
-1.3627254509018024e-05,6.002587704363519e-05,6.017373838466166e-05,2e-07
-1.3226452905811621e-05,6.010873077323837e-05,6.0355289184108484e-05,2e-07
-1.2825651302605218e-05,6.0181073231135333e-05,6.02417876780138e-05,2e-07
-1.2424849699398788e-05,6.0241271309302825e-05,6.015704255026934e-05,2e-07
-1.2024048096192385e-05,6.028741267158421e-05,6.0437551870715356e-05,2e-07
-1.1623246492985955e-05,6.031723261308372e-05,6.021699723734281e-05,2e-07
-1.1222444889779552e-05,6.032803528992318e-05,6.0200171514662546e-05,2e-07
-1.082164328657315e-05,6.031662450401263e-05,6.059349058388473e-05,2e-07
-1.042084168336672e-05,6.027927781328886e-05,6.036072197325519e-05,2e-07
-1.0020040080160317e-05,6.021182909301952e-05,5.991115667643991e-05,2e-07
-9.619238476953914e-06,6.010996867921282e-05,6.011546610292922e-05,2e-07
-9.218436873747484e-06,5.9969910589447217e-05,6.0057867665343366e-05,2e-07
-8.81763527054108e-06,5.978955950567502e-05,6.0040896151610995e-05,2e-07
-8.41683366733465e-06,5.9570135180346464e-05,5.95100318962448e-05,2e-07
-8.016032064128248e-06,5.931779830067875e-05,5.889713771429637e-05,2e-07
-7.615230460921845e-06,5.904432292790239e-05,5.9037551382706777e-05,2e-07
-7.214428857715415e-06,5.8765831656089756e-05,5.873807669907693e-05,2e-07
-6.813627254509012e-06,5.849956695709535e-05,5.846788949887439e-05,2e-07
-6.412825651302609e-06,5.8260101075142296e-05,5.86339542191964e-05,2e-07
-6.012024048096179e-06,5.805684829786917e-05,5.788461780989646e-05,2e-07
-5.611222444889776e-06,5.7893705707627877e-05,5.7903734131749076e-05,2e-07
-5.210420841683373e-06,5.777026874526847e-05,5.767204387692474e-05,2e-07
-4.809619238476943e-06,5.7683546949875795e-05,5.785368518492133e-05,2e-07
-4.40881763527054e-06,5.76294202081319e-05,5.7461495659290654e-05,2e-07
-4.00801603206411e-06,5.76035833315149e-05,5.7620217978954325e-05,2e-07
-3.6072144288577075e-06,5.760203777973665e-05,5.7731016063014065e-05,2e-07
-3.2064128256513046e-06,5.7621282930197245e-05,5.74608111754326e-05,2e-07
-2.8056112224448745e-06,5.765834198536331e-05,5.781154034640022e-05,2e-07
-2.4048096192384716e-06,5.7710711860729646e-05,5.785896642256189e-05,2e-07
-2.0040080160320687e-06,5.777628711250508e-05,5.770940633070392e-05,2e-07
-1.6032064128256387e-06,5.7853282427784234e-05,5.774832162442367e-05,2e-07
-1.2024048096192358e-06,5.7940163864261506e-05,5.795054602191098e-05,2e-07
-8.016032064128329e-07,5.8035591797029935e-05,5.818124338539573e-05,2e-07
-4.008016032064029e-07,5.813837526640196e-05,5.7838409733685515e-05,2e-07
0.0,5.824743618267087e-05,5.823429932898586e-05,2e-07
