phi_ext,I_theory,I_noisy,errors
-0.0002,5.733249321881299e-05,5.7305083810597386e-05,2e-07
-0.0001997997997997998,5.737929707539155e-05,5.706550445650431e-05,2e-07
-0.0001995995995995996,5.7428715866316495e-05,5.763472706235222e-05,2e-07
-0.0001993993993993994,5.7480557970902404e-05,5.761649997497077e-05,2e-07
-0.0001991991991991992,5.753462218560118e-05,5.7039892219646655e-05,2e-07
-0.000198998998998999,5.759069851964605e-05,5.768177379996872e-05,2e-07
-0.0001987987987987988,5.764856902545155e-05,5.798020610655773e-05,2e-07
-0.0001985985985985986,5.770800866047376e-05,5.777241462144657e-05,2e-07
-0.0001983983983983984,5.776878617713224e-05,5.78941164782828e-05,2e-07
-0.0001981981981981982,5.783066503726083e-05,5.7881801869085926e-05,2e-07
-0.000197997997997998,5.7893404347487455e-05,5.8098027974898736e-05,2e-07
-0.0001977977977977978,5.7956759811836534e-05,5.824926875378041e-05,2e-07
-0.0001975975975975976,5.802048469777878e-05,5.7799357438190544e-05,2e-07
-0.0001973973973973974,5.808433081192413e-05,5.8000214947765825e-05,2e-07
-0.0001971971971971972,5.8148049481491813e-05,5.837276397329603e-05,2e-07
-0.00019699699699699701,5.8211392537667744e-05,5.8168090712501376e-05,2e-07
-0.00019679679679679681,5.8274113296978276e-05,5.810780083104792e-05,2e-07
-0.00019659659659659661,5.833596753678475e-05,5.873870508847046e-05,2e-07
-0.00019639639639639641,5.839671446105211e-05,5.8145954753253846e-05,2e-07
-0.00019619619619619621,5.845611765255838e-05,5.8526258902355055e-05,2e-07
-0.00019599599599599602,5.8513946007796465e-05,5.846993940268176e-05,2e-07
-0.00019579579579579582,5.856997465086272e-05,5.841997888578628e-05,2e-07
-0.00019559559559559562,5.8623985822711486e-05,5.879846256092562e-05,2e-07
-0.00019539539539539542,5.867576974227435e-05,5.8527359198996716e-05,2e-07
-0.00019519519519519522,5.872512543602824e-05,5.8906931292830615e-05,2e-07
-0.00019499499499499502,5.877186153273339e-05,5.870581861387327e-05,2e-07
-0.00019479479479479482,5.881579702019991e-05,5.911018165449857e-05,2e-07
-0.00019459459459459462,5.8856761961091045e-05,5.89828187678282e-05,2e-07
-0.0001943943943943944,5.8894598164933115e-05,5.944639502810993e-05,2e-07
-0.00019419419419419422,5.892915981366756e-05,5.9317746864719404e-05,2e-07
-0.000193993993993994,5.8960314038282674e-05,5.897951889563911e-05,2e-07
-0.0001937937937937938,5.898794144423699e-05,5.882948224489078e-05,2e-07
-0.0001935935935935936,5.901193658359784e-05,5.910212837863147e-05,2e-07
-0.0001933933933933934,5.9032208372029246e-05,5.89155162872824e-05,2e-07
-0.0001931931931931932,5.9048680448980325e-05,5.8913935852729726e-05,2e-07
-0.000192992992992993,5.906129147964956e-05,5.8968366205102296e-05,2e-07
-0.0001927927927927928,5.906999539752856e-05,5.9132869254121776e-05,2e-07
-0.0001925925925925926,5.907476158657053e-05,5.916735481485915e-05,2e-07
-0.0001923923923923924,5.907557500225958e-05,5.902849443578204e-05,2e-07
-0.0001921921921921922,5.9072436231103255e-05,5.889003431021614e-05,2e-07
-0.000191991991991992,5.906536148831342e-05,5.886096366149978e-05,2e-07
-0.0001917917917917918,5.905438255368395e-05,5.869140322934309e-05,2e-07
-0.0001915915915915916,5.9039546645919206e-05,5.896500956345273e-05,2e-07
-0.0001913913913913914,5.902091623591054e-05,5.8936418626746474e-05,2e-07
-0.0001911911911911912,5.89985687996985e-05,5.886250291032814e-05,2e-07
-0.000190990990990991,5.8972596512097615e-05,5.926102583374182e-05,2e-07
-0.0001907907907907908,5.894310588219634e-05,5.931885233354724e-05,2e-07
-0.0001905905905905906,5.891021733217341e-05,5.8856731491925063e-05,2e-07
-0.0001903903903903904,5.887406472109366e-05,5.887733176845874e-05,2e-07
-0.0001901901901901902,5.883479481557006e-05,5.898365133027934e-05,2e-07
-0.00018998998998999,5.87925667093843e-05,5.87639553877326e-05,2e-07
-0.0001897897897897898,5.874755119435724e-05,5.875187536554194e-05,2e-07
-0.0001895895895895896,5.869993008496278e-05,5.881225843898892e-05,2e-07
-0.0001893893893893894,5.8649895499353185e-05,5.870496460933139e-05,2e-07
-0.0001891891891891892,5.859764909963776e-05,5.867280938512409e-05,2e-07
-0.000188988988988989,5.854340129442018e-05,5.871171472919624e-05,2e-07
-0.0001887887887887888,5.84873704067498e-05,5.864006562885673e-05,2e-07
-0.0001885885885885886,5.842978181077639e-05,5.884495129441557e-05,2e-07
-0.0001883883883883884,5.837086704051792e-05,5.832037785771603e-05,2e-07
-0.0001881881881881882,5.831086287427302e-05,5.7982788826198854e-05,2e-07
-0.000187987987987988,5.825001039829552e-05,5.812075420291824e-05,2e-07
-0.0001877877877877878,5.8188554053428915e-05,5.7991445686740275e-05,2e-07
-0.0001875875875875876,5.8126740668481875e-05,5.823665335856718e-05,2e-07
-0.0001873873873873874,5.806481848415367e-05,5.847517323538325e-05,2e-07
-0.0001871871871871872,5.800303617138341e-05,5.796903578678141e-05,2e-07
-0.000186986986986987,5.794164184799124e-05,5.797175693963297e-05,2e-07
-0.0001867867867867868,5.788088209751128e-05,5.7666475810591556e-05,2e-07
-0.0001865865865865866,5.782100099409185e-05,5.79486258242162e-05,2e-07
-0.0001863863863863864,5.776223913731443e-05,5.795536165933475e-05,2e-07
-0.0001861861861861862,5.770483270075926e-05,5.814308245222097e-05,2e-07
-0.000185985985985986,5.76490124980663e-05,5.763646735279409e-05,2e-07
-0.0001857857857857858,5.759500307019871e-05,5.761107495220664e-05,2e-07
-0.0001855855855855856,5.754302179750491e-05,5.7630848653650286e-05,2e-07
-0.0001853853853853854,5.7493278040101156e-05,5.7491775416104606e-05,2e-07
-0.0001851851851851852,5.7445972309969385e-05,5.750659536769294e-05,2e-07
-0.000184984984984985,5.740129547804102e-05,5.7248257485271316e-05,2e-07
-0.0001847847847847848,5.7359428019411076e-05,5.71724088218247e-05,2e-07
-0.0001845845845845846,5.732053929965682e-05,5.750257884136538e-05,2e-07
-0.0001843843843843844,5.728478690509199e-05,5.7408055771908864e-05,2e-07
-0.0001841841841841842,5.725231601960095e-05,5.7131265193052657e-05,2e-07
-0.000183983983983984,5.722325885051516e-05,5.725674556049165e-05,2e-07
-0.0001837837837837838,5.719773410580843e-05,5.695078205976466e-05,2e-07
-0.0001835835835835836,5.717584652467098e-05,5.688619586996618e-05,2e-07
-0.00018338338338338338,5.715768646332551e-05,5.735132926272108e-05,2e-07
-0.0001831831831831832,5.7143329537717255e-05,5.70049803268125e-05,2e-07
-0.00018298298298298298,5.713283632449549e-05,5.7046382447207146e-05,2e-07
-0.0001827827827827828,5.7126252121466575e-05,5.706384656327381e-05,2e-07
-0.00018258258258258258,5.712360676846571e-05,5.7314303193778684e-05,2e-07
-0.0001823823823823824,5.712491452935741e-05,5.6788868057712536e-05,2e-07
-0.00018218218218218218,5.7130174035629634e-05,5.7352224801013595e-05,2e-07
-0.00018198198198198198,5.713936829180544e-05,5.7387520625878906e-05,2e-07
-0.00018178178178178178,5.71524647426508e-05,5.6926734231668015e-05,2e-07
-0.00018158158158158158,5.71694154019126e-05,5.705398305438394e-05,2e-07
-0.00018138138138138138,5.7190157042077116e-05,5.715896354766001e-05,2e-07
-0.00018118118118118118,5.721461144440051e-05,5.729287183387251e-05,2e-07
-0.00018098098098098098,5.724268570822035e-05,5.729677188119438e-05,2e-07
-0.00018078078078078078,5.72742726183255e-05,5.7448395569209905e-05,2e-07
-0.00018058058058058058,5.730925106893424e-05,5.7111746611881134e-05,2e-07
-0.00018038038038038038,5.734748654259877e-05,5.734771844351535e-05,2e-07
-0.00018018018018018018,5.738883164214905e-05,5.7266972555740643e-05,2e-07
-0.00017997997997997998,5.743312667356468e-05,5.752133390593431e-05,2e-07
-0.00017977977977977978,5.748020027747828e-05,5.7393961979493904e-05,2e-07
-0.00017957957957957958,5.75298701068059e-05,5.8007610587487555e-05,2e-07
-0.00017937937937937938,5.758194354782751e-05,5.781093685570278e-05,2e-07
-0.00017917917917917918,5.763621848186955e-05,5.765314836350208e-05,2e-07
-0.00017897897897897898,5.7692484084571246e-05,5.757439220182512e-05,2e-07
-0.00017877877877877878,5.7750521659577176e-05,5.799005169028941e-05,2e-07
-0.00017857857857857859,5.781010550336083e-05,5.746229139739807e-05,2e-07
-0.00017837837837837839,5.787100379775779e-05,5.77366048359998e-05,2e-07
-0.00017817817817817819,5.793297952667723e-05,5.8003196317886284e-05,2e-07
-0.00017797797797797799,5.799579141336773e-05,5.8113515045951984e-05,2e-07
-0.00017777777777777779,5.8059194874535726e-05,5.7923748106524605e-05,2e-07
-0.0001775775775775776,5.812294298753547e-05,5.819064971678206e-05,2e-07
-0.0001773773773773774,5.818678746681025e-05,5.7922337413251085e-05,2e-07
-0.0001771771771771772,5.825047964572457e-05,5.857064666106379e-05,2e-07
-0.000176976976976977,5.8313771459905935e-05,5.867842161054638e-05,2e-07
-0.0001767767767767768,5.837641642819649e-05,5.8578583347740807e-05,2e-07
-0.0001765765765765766,5.8438170627352456e-05,5.8554397957123874e-05,2e-07
-0.0001763763763763764,5.8498793656625765e-05,5.811423504338617e-05,2e-07
-0.0001761761761761762,5.85580495884148e-05,5.857950889297099e-05,2e-07
-0.000175975975975976,5.8615707901226353e-05,5.854899410459633e-05,2e-07
-0.0001757757757757758,5.867154439126085e-05,5.8573020294740135e-05,2e-07
-0.0001755755755755756,5.872534205901678e-05,5.85798908682944e-05,2e-07
-0.0001753753753753754,5.8776891967398584e-05,5.879494356427896e-05,2e-07
-0.0001751751751751752,5.882599406794992e-05,5.902204373661121e-05,2e-07
-0.000174974974974975,5.887245799193457e-05,5.92433515086901e-05,2e-07
-0.0001747747747747748,5.891610380313849e-05,5.916930656761521e-05,2e-07
-0.0001745745745745746,5.8956762709417185e-05,5.918505250710551e-05,2e-07
-0.0001743743743743744,5.899427773017547e-05,5.908811847647131e-05,2e-07
-0.0001741741741741742,5.902850431714047e-05,5.932470608120477e-05,2e-07
-0.000173973973973974,5.905931092596663e-05,5.873019433796522e-05,2e-07
-0.0001737737737737738,5.9086579536422564e-05,5.885972409396456e-05,2e-07
-0.0001735735735735736,5.9110206119096476e-05,5.9245174347010366e-05,2e-07
-0.0001733733733733734,5.9130101046772517e-05,5.877910091442574e-05,2e-07
-0.0001731731731731732,5.914618944885822e-05,5.880807422932906e-05,2e-07
-0.000172972972972973,5.9158411507456107e-05,5.9190725674787683e-05,2e-07
-0.0001727727727727728,5.916672269390996e-05,5.887909210468634e-05,2e-07
-0.0001725725725725726,5.917109394489092e-05,5.90591094487721e-05,2e-07
-0.0001723723723723724,5.917151177732708e-05,5.902652270643021e-05,2e-07
-0.0001721721721721722,5.916797834172145e-05,5.910474251392855e-05,2e-07
-0.00017197197197197197,5.9160511413647876e-05,5.90556337395919e-05,2e-07
-0.0001717717717717718,5.914914432345878e-05,5.9355881815754934e-05,2e-07
-0.00017157157157157157,5.91339258244813e-05,5.9116272643867506e-05,2e-07
-0.0001713713713713714,5.911491990022598e-05,5.8904223584494e-05,2e-07
-0.00017117117117117117,5.90922055113668e-05,5.9412039025711515e-05,2e-07
-0.000170970970970971,5.90658762834961e-05,5.91421062962e-05,2e-07
-0.00017077077077077077,5.903604013688561e-05,5.93004113511319e-05,2e-07
-0.00017057057057057057,5.9002818859724014e-05,5.889358988213271e-05,2e-07
-0.00017037037037037037,5.896634762651122e-05,5.875505796533449e-05,2e-07
-0.00017017017017017017,5.892677446351635e-05,5.8817057259984395e-05,2e-07
-0.00016996996996996997,5.888425966341914e-05,5.866691662049111e-05,2e-07
-0.00016976976976976977,5.883897515143917e-05,5.909916952389895e-05,2e-07
-0.00016956956956956957,5.8791103805468236e-05,5.885610462119411e-05,2e-07
-0.00016936936936936937,5.874083873288681e-05,5.861968790670028e-05,2e-07
-0.00016916916916916917,5.8688382506935635e-05,5.8657069318452655e-05,2e-07
-0.00016896896896896897,5.8633946365648965e-05,5.8519876316399714e-05,2e-07
-0.00016876876876876877,5.8577749376522734e-05,5.8551444892273665e-05,2e-07
-0.00016856856856856857,5.852001757022886e-05,5.873758931199959e-05,2e-07
-0.00016836836836836837,5.846098304678695e-05,5.881067472389655e-05,2e-07
-0.00016816816816816817,5.840088305773484e-05,5.869847056139774e-05,2e-07
-0.00016796796796796797,5.833995906793542e-05,5.838998711052615e-05,2e-07
-0.00016776776776776777,5.8278455800713565e-05,5.8135105771945074e-05,2e-07
-0.00016756756756756757,5.821662027011289e-05,5.842349710196793e-05,2e-07
-0.00016736736736736737,5.8154700804088533e-05,5.784941461326016e-05,2e-07
-0.00016716716716716717,5.809294606251325e-05,5.79992459401195e-05,2e-07
-0.00016696696696696697,5.8031604053862736e-05,5.796179217212918e-05,2e-07
-0.00016676676676676677,5.7970921154477005e-05,5.782040088096625e-05,2e-07
-0.00016656656656656657,5.791114113428393e-05,5.778095876849163e-05,2e-07
-0.00016636636636636638,5.785250419282161e-05,5.7661762872172926e-05,2e-07
-0.00016616616616616618,5.779524600937992e-05,5.7658107388816375e-05,2e-07
-0.00016596596596596598,5.7739596811024704e-05,5.7820698536458974e-05,2e-07
-0.00016576576576576578,5.7685780462173974e-05,5.785618876771948e-05,2e-07
-0.00016556556556556558,5.7634013579339866e-05,5.747800445054849e-05,2e-07
-0.00016536536536536538,5.758450467452749e-05,5.77809192893551e-05,2e-07
-0.00016516516516516518,5.7537453330690086e-05,5.760864510145312e-05,2e-07
-0.00016496496496496498,5.749304941248667e-05,5.7875371015350736e-05,2e-07
-0.00016476476476476478,5.745147231547084e-05,5.7730563956751535e-05,2e-07
-0.00016456456456456458,5.7412890256684756e-05,5.71912424174428e-05,2e-07
-0.00016436436436436438,5.737745960945132e-05,5.756919754534004e-05,2e-07
-0.00016416416416416418,5.734532428500554e-05,5.724971437351107e-05,2e-07
-0.00016396396396396398,5.7316615163403586e-05,5.744731053893772e-05,2e-07
-0.00016376376376376378,5.7291449575967536e-05,5.736783462104675e-05,2e-07
-0.00016356356356356358,5.726993084130344e-05,5.7691259093551166e-05,2e-07
-0.00016336336336336338,5.7252147856732785e-05,5.754517328482921e-05,2e-07
-0.00016316316316316318,5.72381747467548e-05,5.740309688856786e-05,2e-07
-0.00016296296296296298,5.722807056992391e-05,5.7222746707811735e-05,2e-07
-0.00016276276276276278,5.722187908530599e-05,5.74457166361816e-05,2e-07
-0.00016256256256256258,5.721962857943583e-05,5.7143838031215865e-05,2e-07
-0.00016236236236236238,5.722133175445952e-05,5.719588690930893e-05,2e-07
-0.00016216216216216218,5.722698567790428e-05,5.7304446254169494e-05,2e-07
-0.00016196196196196198,5.7236571794275176e-05,5.727798368804365e-05,2e-07
-0.00016176176176176178,5.725005599843138e-05,5.7186726859074995e-05,2e-07
-0.00016156156156156158,5.726738877045303e-05,5.745119619911882e-05,2e-07
-0.00016136136136136135,5.7288505371466075e-05,5.7707699182674514e-05,2e-07
-0.00016116116116116118,5.731332609964713e-05,5.705452567694159e-05,2e-07
-0.00016096096096096096,5.7341756605400705e-05,5.6754913987684276e-05,2e-07
-0.00016076076076076078,5.7373688264459946e-05,5.7446075001017e-05,2e-07
-0.00016056056056056056,5.7408998607435014e-05,5.732278635470089e-05,2e-07
-0.00016036036036036038,5.7447551804111126e-05,5.769245349722366e-05,2e-07
-0.00016016016016016016,5.748919920058176e-05,5.776270209713743e-05,2e-07
-0.00015995995995995998,5.753377990709464e-05,5.7850927292155486e-05,2e-07
-0.00015975975975975976,5.758112143427791e-05,5.7884518384540944e-05,2e-07
-0.00015955955955955958,5.763104037524195e-05,5.75280112286002e-05,2e-07
-0.00015935935935935936,5.7683343130852396e-05,5.734412822146143e-05,2e-07
-0.00015915915915915919,5.7737826675306706e-05,5.797390479516278e-05,2e-07
-0.00015895895895895896,5.779427935898742e-05,5.749705595190989e-05,2e-07
-0.00015875875875875879,5.785248174542138e-05,5.775354391657953e-05,2e-07
-0.00015855855855855856,5.791220747902813e-05,5.7995541807294955e-05,2e-07
-0.00015835835835835836,5.797322418022989e-05,5.7926815615521086e-05,2e-07
-0.00015815815815815816,5.803529436438466e-05,5.803254517240852e-05,2e-07
-0.00015795795795795796,5.80981763809073e-05,5.797563572027627e-05,2e-07
-0.00015775775775775776,5.8161625368862666e-05,5.839935606728442e-05,2e-07
-0.00015755755755755756,5.822539422525345e-05,5.822731520137807e-05,2e-07
-0.00015735735735735736,5.828923458217827e-05,5.8282638228526745e-05,2e-07
-0.00015715715715715716,5.8352897788987596e-05,5.833237819640777e-05,2e-07
-0.00015695695695695696,5.841613589555828e-05,5.844304307274202e-05,2e-07
-0.00015675675675675676,5.847870263279975e-05,5.8264109832141317e-05,2e-07
-0.00015655655655655656,5.8540354386512586e-05,5.8432110856536935e-05,2e-07
-0.00015635635635635636,5.8600851160746615e-05,5.878251064848158e-05,2e-07
-0.00015615615615615616,5.865995752685059e-05,5.841913666143626e-05,2e-07
-0.00015595595595595596,5.871744355446457e-05,5.8373368252369426e-05,2e-07
-0.00015575575575575576,5.8773085720765584e-05,5.8818385215754875e-05,2e-07
-0.00015555555555555556,5.8826667794375335e-05,5.880417671410107e-05,2e-07
-0.00015535535535535536,5.8877981690438174e-05,5.8559226029326555e-05,2e-07
-0.00015515515515515516,5.89268282934782e-05,5.901731165206184e-05,2e-07
-0.00015495495495495496,5.897301824479354e-05,5.8901851910953427e-05,2e-07
-0.00015475475475475476,5.901637269126216e-05,5.908642276714018e-05,2e-07
-0.00015455455455455456,5.9056723992609216e-05,5.9060534789598626e-05,2e-07
-0.00015435435435435436,5.909391638433024e-05,5.928611466659414e-05,2e-07
-0.00015415415415415416,5.91278065936527e-05,5.914210630722877e-05,2e-07
-0.00015395395395395397,5.915826440610217e-05,5.9225556883221126e-05,2e-07
-0.00015375375375375377,5.9185173180426424e-05,5.940923236510013e-05,2e-07
-0.00015355355355355357,5.92084303098485e-05,5.923183602281217e-05,2e-07
-0.00015335335335335337,5.922794762781885e-05,5.923117736221963e-05,2e-07
-0.00015315315315315317,5.9243651756664855e-05,5.903294972335132e-05,2e-07
-0.00015295295295295297,5.925548439775966e-05,5.935107442029827e-05,2e-07
-0.00015275275275275277,5.926340256206014e-05,5.9408627194086995e-05,2e-07
-0.00015255255255255257,5.9267378740105325e-05,5.960055720039391e-05,2e-07
-0.00015235235235235237,5.926740101080066e-05,5.9131877216739725e-05,2e-07
-0.00015215215215215217,5.926347308855951e-05,5.9202454600437616e-05,2e-07
-0.00015195195195195197,5.925561430861458e-05,5.9414903725034135e-05,2e-07
-0.00015175175175175177,5.924385955055809e-05,5.915072602060307e-05,2e-07
-0.00015155155155155157,5.922825910041181e-05,5.9060872638312624e-05,2e-07
-0.00015135135135135137,5.9208878451774436e-05,5.908081432880247e-05,2e-07
-0.00015115115115115117,5.918579804683002e-05,5.8818825204041884e-05,2e-07
-0.00015095095095095097,5.915911295824391e-05,5.9281428105411524e-05,2e-07
-0.00015075075075075077,5.912893251320383e-05,5.902054188408721e-05,2e-07
-0.00015055055055055057,5.909537986109005e-05,5.879380169222232e-05,2e-07
-0.00015035035035035037,5.905859148648958e-05,5.883040317301983e-05,2e-07
-0.00015015015015015017,5.90187166694737e-05,5.916321286206076e-05,2e-07
-0.00014994994994994994,5.8975916895278734e-05,5.905937068806345e-05,2e-07
-0.00014974974974974977,5.893036521572243e-05,5.906592735272003e-05,2e-07
-0.00014954954954954954,5.8882245564877795e-05,5.867680844352851e-05,2e-07
-0.00014934934934934937,5.88317520317185e-05,5.890075695060072e-05,2e-07
-0.00014914914914914914,5.8779088092601804e-05,5.8440683716857174e-05,2e-07
-0.00014894894894894897,5.872446580663531e-05,5.8328969067614946e-05,2e-07
-0.00014874874874874875,5.866810497709814e-05,5.887457454569836e-05,2e-07
-0.00014854854854854857,5.861023228224199e-05,5.8541845846769505e-05,2e-07
-0.00014834834834834835,5.8551080378905614e-05,5.888398535514132e-05,2e-07
-0.00014814814814814817,5.8490886982483525e-05,5.880440900222051e-05,2e-07
-0.00014794794794794795,5.842989392689468e-05,5.808237109239586e-05,2e-07
-0.00014774774774774777,5.83683462082643e-05,5.8284726162945347e-05,2e-07
-0.00014754754754754755,5.830649101609923e-05,5.85058330092489e-05,2e-07
-0.00014734734734734737,5.824457675578956e-05,5.8344968202721815e-05,2e-07
-0.00014714714714714715,5.818285206630398e-05,5.815474387939606e-05,2e-07
-0.00014694694694694695,5.8121564836961865e-05,5.7906800694679936e-05,2e-07
-0.00014674674674674675,5.8060961227165765e-05,5.7976895064137745e-05,2e-07
-0.00014654654654654655,5.800128469297888e-05,5.8213932487042436e-05,2e-07
-0.00014634634634634635,5.7942775024392166e-05,5.803237746172191e-05,2e-07
-0.00014614614614614615,5.788566739708697e-05,5.7814069895429125e-05,2e-07
-0.00014594594594594595,5.7830191442444796e-05,5.8085038956825684e-05,2e-07
-0.00014574574574574575,5.777657033948349e-05,5.770218906057409e-05,2e-07
-0.00014554554554554555,5.772501993230902e-05,5.7701888375411844e-05,2e-07
-0.00014534534534534535,5.767574787656938e-05,5.773362262822687e-05,2e-07
-0.00014514514514514515,5.762895281829299e-05,5.7567798204227364e-05,2e-07
-0.00014494494494494495,5.758482360835467e-05,5.7663035576097115e-05,2e-07
-0.00014474474474474475,5.75435385556731e-05,5.7467204150461785e-05,2e-07
-0.00014454454454454455,5.7505264722099106e-05,5.749805787553225e-05,2e-07
-0.00014434434434434435,5.7470157261779124e-05,5.7140214719795084e-05,2e-07
-0.00014414414414414415,5.743835880760592e-05,5.736756953851315e-05,2e-07
-0.00014394394394394395,5.740999890718423e-05,5.748838126762608e-05,2e-07
-0.00014374374374374375,5.7385193510542334e-05,5.702875289772494e-05,2e-07
-0.00014354354354354355,5.736404451161452e-05,5.723487278241572e-05,2e-07
-0.00014334334334334335,5.7346639345305914e-05,5.716736010957201e-05,2e-07
-0.00014314314314314315,5.7333050641736615e-05,5.728958888029487e-05,2e-07
-0.00014294294294294295,5.732333593902993e-05,5.7276030524099075e-05,2e-07
-0.00014274274274274275,5.7317537455780754e-05,5.737212426846578e-05,2e-07
-0.00014254254254254255,5.731568192410422e-05,5.74984045640018e-05,2e-07
-0.00014234234234234235,5.7317780483925577e-05,5.7714085015927644e-05,2e-07
-0.00014214214214214215,5.7323828638927474e-05,5.7540281160575055e-05,2e-07
-0.00014194194194194195,5.7333806274330634e-05,5.738797594147289e-05,2e-07
-0.00014174174174174176,5.7347677736436726e-05,5.730313486886094e-05,2e-07
-0.00014154154154154156,5.7365391973618694e-05,5.696763200196036e-05,2e-07
-0.00014134134134134136,5.738688273820147e-05,5.729235847463253e-05,2e-07
-0.00014114114114114116,5.741206884843607e-05,5.7356986253094e-05,2e-07
-0.00014094094094094096,5.7440854509526566e-05,5.6955071069532745e-05,2e-07
-0.00014074074074074076,5.747312969244601e-05,5.769764636036023e-05,2e-07
-0.00014054054054054056,5.7508770569041896e-05,5.753817494339682e-05,2e-07
-0.00014034034034034036,5.754764000170502e-05,5.801337436956469e-05,2e-07
-0.00014014014014014016,5.7589588085674525e-05,5.76136047744457e-05,2e-07
-0.00013993993993993996,5.763445274182698e-05,5.756875796935941e-05,2e-07
-0.00013973973973973976,5.768206035761202e-05,5.777996101995087e-05,2e-07
-0.00013953953953953956,5.773222647358992e-05,5.753392348755695e-05,2e-07
-0.00013933933933933936,5.778475651286809e-05,5.77023832034589e-05,2e-07
-0.00013913913913913916,5.783944655054725e-05,5.793658850912309e-05,2e-07
-0.00013893893893893893,5.78960841201268e-05,5.7878607242329056e-05,2e-07
-0.00013873873873873876,5.795444905369498e-05,5.805303463110487e-05,2e-07
-0.00013853853853853853,5.801431435256926e-05,5.798634850035274e-05,2e-07
-0.00013833833833833836,5.8075447084953764e-05,5.7958176460646195e-05,2e-07
-0.00013813813813813813,5.8137609307050136e-05,5.7613259738112365e-05,2e-07
-0.00013793793793793796,5.8200559003995855e-05,5.817191628451862e-05,2e-07
-0.00013773773773773773,5.8264051046901586e-05,5.835413279485127e-05,2e-07
-0.00013753753753753756,5.832783816219461e-05,5.825508023890408e-05,2e-07
-0.00013733733733733733,5.8391671909451326e-05,5.832339951911109e-05,2e-07
-0.00013713713713713716,5.8455303663844174e-05,5.881010875622044e-05,2e-07
-0.00013693693693693693,5.851848559930943e-05,5.886546257109016e-05,2e-07
-0.00013673673673673676,5.858097166856554e-05,5.864746236001434e-05,2e-07
-0.00013653653653653654,5.8642518576091904e-05,5.8579271585313344e-05,2e-07
-0.00013633633633633636,5.870288674023124e-05,5.879368115543354e-05,2e-07
-0.00013613613613613614,5.8761841240596886e-05,5.910464935499011e-05,2e-07
-0.00013593593593593596,5.8819152747055436e-05,5.928440895954309e-05,2e-07
-0.00013573573573573574,5.8874598426602575e-05,5.89203308125368e-05,2e-07
-0.00013553553553553556,5.8927962824539145e-05,5.872126258537445e-05,2e-07
-0.00013533533533533534,5.8979038716478305e-05,5.894750415266401e-05,2e-07
-0.00013513513513513516,5.902762792780156e-05,5.89971463344471e-05,2e-07
-0.00013493493493493494,5.9073542117332235e-05,5.896267994186635e-05,2e-07
-0.00013473473473473476,5.911660352211623e-05,5.909963617929836e-05,2e-07
-0.00013453453453453454,5.915664566037815e-05,5.946071599841366e-05,2e-07
-0.00013433433433433434,5.9193513989865996e-05,5.9179526792454524e-05,2e-07
-0.00013413413413413414,5.922706651897662e-05,5.9132570232792946e-05,2e-07
-0.00013393393393393394,5.92571743682557e-05,5.952319279206668e-05,2e-07
-0.00013373373373373374,5.92837222800456e-05,5.901855333139123e-05,2e-07
-0.00013353353353353354,5.93066090742629e-05,5.9445908155389944e-05,2e-07
-0.00013333333333333334,5.93257480485113e-05,5.907995244557734e-05,2e-07
-0.00013313313313313314,5.93410673209409e-05,5.923340185803602e-05,2e-07
-0.00013293293293293294,5.9352510114501804e-05,5.9377121659890364e-05,2e-07
-0.00013273273273273274,5.9360034981464625e-05,5.951016254785828e-05,2e-07
-0.00013253253253253254,5.936361596732415e-05,5.938805388318941e-05,2e-07
-0.00013233233233233234,5.9363242713434916e-05,5.9251968727318054e-05,2e-07
-0.00013213213213213214,5.9358920497973624e-05,5.947434254438081e-05,2e-07
-0.00013193193193193194,5.935067021506724e-05,5.924780423478475e-05,2e-07
-0.00013173173173173174,5.933852829216774e-05,5.936418547306285e-05,2e-07
-0.00013153153153153154,5.9322546546002445e-05,5.972166908794112e-05,2e-07
-0.00013133133133133134,5.930279197766716e-05,5.925116648993521e-05,2e-07
-0.00013113113113113114,5.9279346507674455e-05,5.891010714696193e-05,2e-07
-0.00013093093093093094,5.925230665200206e-05,5.925247830460319e-05,2e-07
-0.00013073073073073074,5.922178314042774e-05,5.926017070372936e-05,2e-07
-0.00013053053053053054,5.918790047865362e-05,5.958236644893318e-05,2e-07
-0.00013033033033033034,5.915079645595348e-05,5.891422709244012e-05,2e-07
-0.00013013013013013014,5.911062160029551e-05,5.895044415693958e-05,2e-07
-0.00012992992992992994,5.906753858308612e-05,5.898733810894885e-05,2e-07
-0.00012972972972972974,5.902172157589424e-05,5.889927734547409e-05,2e-07
-0.00012952952952952955,5.8973355561699874e-05,5.9021392407614394e-05,2e-07
-0.00012932932932932935,5.892263560338974e-05,5.8974233389245126e-05,2e-07
-0.00012912912912912915,5.886976607239155e-05,5.9090757064980176e-05,2e-07
-0.00012892892892892895,5.8814959840495486e-05,5.908884611465982e-05,2e-07
-0.00012872872872872872,5.8758437438069e-05,5.8944030989476295e-05,2e-07
-0.00012852852852852855,5.8700426181978804e-05,5.851574418111049e-05,2e-07
-0.00012832832832832832,5.8641159276678275e-05,5.877572550392623e-05,2e-07
-0.00012812812812812815,5.85808748920139e-05,5.858679968023404e-05,2e-07
-0.00012792792792792792,5.851981522139657e-05,5.823325376483737e-05,2e-07
-0.00012772772772772775,5.845822552406049e-05,5.849489147702165e-05,2e-07
-0.00012752752752752752,5.8396353155195755e-05,5.8362671299409325e-05,2e-07
-0.00012732732732732735,5.833444658780115e-05,5.8194961114777106e-05,2e-07
-0.00012712712712712712,5.827275443010805e-05,5.810761232794686e-05,2e-07
-0.00012692692692692695,5.821152444247231e-05,5.8037904433967674e-05,2e-07
-0.00012672672672672672,5.8151002557620266e-05,5.7842228737643274e-05,2e-07
-0.00012652652652652655,5.809143190812263e-05,5.781981021488492e-05,2e-07
-0.00012632632632632632,5.803305186493724e-05,5.8065359699627316e-05,2e-07
-0.00012612612612612615,5.797609709083104e-05,5.810487263148834e-05,2e-07
-0.00012592592592592592,5.792079661241979e-05,5.763399885912853e-05,2e-07
-0.00012572572572572575,5.7867372914493895e-05,5.805254421368939e-05,2e-07
-0.00012552552552552552,5.7816041060213704e-05,5.758466420976379e-05,2e-07
-0.00012532532532532535,5.77670078406548e-05,5.792550080349078e-05,2e-07
-0.00012512512512512512,5.7720470957064955e-05,5.7824317404635324e-05,2e-07
-0.00012492492492492495,5.767661823906325e-05,5.765840044439456e-05,2e-07
-0.00012472472472472472,5.7635626901879156e-05,5.754294131209143e-05,2e-07
-0.00012452452452452455,5.759766284556545e-05,5.776190986602701e-05,2e-07
-0.00012432432432432433,5.7562879998953666e-05,5.747415928898555e-05,2e-07
-0.00012412412412412415,5.7531419710951935e-05,5.754563367910717e-05,2e-07
-0.00012392392392392393,5.7503410191588834e-05,5.7918305159985046e-05,2e-07
-0.00012372372372372375,5.747896600501322e-05,5.729336403917255e-05,2e-07
-0.00012352352352352353,5.74581876164563e-05,5.776471897338605e-05,2e-07
-0.00012332332332332335,5.744116099494776e-05,5.71453960803076e-05,2e-07
-0.00012312312312312313,5.742795727335629e-05,5.737997062170395e-05,2e-07
-0.00012292292292292293,5.7418632467097695e-05,5.754747747104576e-05,2e-07
-0.00012272272272272273,5.741322725262553e-05,5.727853978786627e-05,2e-07
-0.00012252252252252253,5.7411766806578266e-05,5.72396172575639e-05,2e-07
-0.00012232232232232233,5.741426070621943e-05,5.7568722772683895e-05,2e-07
-0.00012212212212212213,5.7420702891564955e-05,5.734517905120833e-05,2e-07
-0.00012192192192192193,5.7431071689347166e-05,5.72466330463699e-05,2e-07
-0.00012172172172172173,5.744532989872016e-05,5.720647547961272e-05,2e-07
-0.00012152152152152153,5.746342493836903e-05,5.7385835356150884e-05,2e-07
-0.00012132132132132133,5.748528905443963e-05,5.745190234842422e-05,2e-07
-0.00012112112112112113,5.751083958846697e-05,5.749915692237355e-05,2e-07
-0.00012092092092092093,5.7539979304244745e-05,5.760115115406513e-05,2e-07
-0.00012072072072072073,5.757259677233915e-05,5.7660439693676854e-05,2e-07
-0.00012052052052052053,5.760856681073214e-05,5.740574141816668e-05,2e-07
-0.00012032032032032033,5.764775097984509e-05,5.735782877364913e-05,2e-07
-0.00012012012012012013,5.768999812999227e-05,5.7572496705943876e-05,2e-07
-0.00011991991991991993,5.773514499909334e-05,5.7684154862048754e-05,2e-07
-0.00011971971971971973,5.778301685828332e-05,5.8108538641833305e-05,2e-07
-0.00011951951951951953,5.783342820287066e-05,5.799425879722502e-05,2e-07
-0.00011931931931931933,5.788618348590268e-05,5.791649509065173e-05,2e-07
-0.00011911911911911913,5.7941077891447794e-05,5.809658981467887e-05,2e-07
-0.00011891891891891893,5.799789814452798e-05,5.802079065447804e-05,2e-07
-0.00011871871871871873,5.8056423354501745e-05,5.8071716404966654e-05,2e-07
-0.00011851851851851853,5.8116425888566984e-05,5.7897423002539434e-05,2e-07
-0.00011831831831831833,5.8177672271919145e-05,5.8341950213069066e-05,2e-07
-0.00011811811811811813,5.823992411101807e-05,5.828305412534266e-05,2e-07
-0.00011791791791791793,5.830293903629872e-05,5.79684694852986e-05,2e-07
-0.00011771771771771773,5.8366471660611524e-05,5.862131199842202e-05,2e-07
-0.00011751751751751753,5.843027454959115e-05,5.8816621662036634e-05,2e-07
-0.00011731731731731732,5.849409920012085e-05,5.8669977657157444e-05,2e-07
-0.00011711711711711712,5.855769702302765e-05,5.850465714261559e-05,2e-07
-0.00011691691691691692,5.8620820326111074e-05,5.845071777571796e-05,2e-07
-0.00011671671671671672,5.8683223293631585e-05,5.876459437918832e-05,2e-07
-0.00011651651651651652,5.874466295837419e-05,5.898841098884217e-05,2e-07
-0.00011631631631631632,5.880490016244772e-05,5.864814534386347e-05,2e-07
-0.00011611611611611612,5.8863700503024736e-05,5.8888018569700366e-05,2e-07
-0.00011591591591591592,5.8920835259271265e-05,5.873049096865619e-05,2e-07
-0.00011571571571571572,5.897608229681387e-05,5.9350726984429164e-05,2e-07
-0.00011551551551551552,5.90292269461566e-05,5.905391185749845e-05,2e-07
-0.00011531531531531532,5.90800628515787e-05,5.923225380039119e-05,2e-07
-0.00011511511511511512,5.9128392787159684e-05,5.907720610461614e-05,2e-07
-0.00011491491491491492,5.917402943669559e-05,5.9376669537454845e-05,2e-07
-0.00011471471471471472,5.921679613443347e-05,5.906747177723839e-05,2e-07
-0.00011451451451451453,5.925652756368385e-05,5.9220504942928506e-05,2e-07
-0.00011431431431431433,5.929307041055874e-05,5.903647991167399e-05,2e-07
-0.00011411411411411413,5.9326283970242084e-05,5.928503778407054e-05,2e-07
-0.00011391391391391393,5.935604070339862e-05,5.931003997802764e-05,2e-07
-0.00011371371371371373,5.9382226740522654e-05,5.920865377970969e-05,2e-07
-0.00011351351351351353,5.940474233222806e-05,5.9468954603151965e-05,2e-07
-0.00011331331331331333,5.942350224370141e-05,5.988158976977217e-05,2e-07
-0.00011311311311311313,5.9438436091759e-05,5.9443868253804804e-05,2e-07
-0.00011291291291291293,5.9449488623173314e-05,5.943684408887473e-05,2e-07
-0.00011271271271271273,5.945661993316866e-05,5.955845191607032e-05,2e-07
-0.00011251251251251253,5.9459805623222316e-05,5.9495154143196646e-05,2e-07
-0.00011231231231231233,5.9459036897547505e-05,5.968124272497918e-05,2e-07
-0.00011211211211211213,5.945432059787557e-05,5.945773940261237e-05,2e-07
-0.00011191191191191193,5.944567917640089e-05,5.936057793961017e-05,2e-07
-0.00011171171171171172,5.943315060699503e-05,5.940633019911653e-05,2e-07
-0.00011151151151151152,5.941678823504037e-05,5.937260456506862e-05,2e-07
-0.00011131131131131132,5.939666056647984e-05,5.937313509733773e-05,2e-07
-0.00011111111111111112,5.937285099691334e-05,5.9547737793673504e-05,2e-07
-0.00011091091091091092,5.934545748181406e-05,5.897230496906735e-05,2e-07
-0.00011071071071071072,5.9314592149169144e-05,5.907701714745618e-05,2e-07
-0.00011051051051051052,5.928038085607619e-05,5.9248009483700926e-05,2e-07
-0.00011031031031031032,5.924296269104817e-05,5.932974822905649e-05,2e-07
-0.00011011011011011012,5.9202489423993446e-05,5.925442945172612e-05,2e-07
-0.00010990990990990992,5.915912490605323e-05,5.908076419284984e-05,2e-07
-0.00010970970970970972,5.911304442165938e-05,5.9421599406548104e-05,2e-07
-0.00010950950950950952,5.9064433995381186e-05,5.887968937623356e-05,2e-07
-0.00010930930930930932,5.901348965630196e-05,5.8909804432960505e-05,2e-07
-0.00010910910910910912,5.896041666283348e-05,5.877954119130495e-05,2e-07
-0.00010890890890890892,5.890542869103255e-05,5.904778663708539e-05,2e-07
-0.00010870870870870872,5.88487469896278e-05,5.885436016373377e-05,2e-07
-0.00010850850850850852,5.8790599505108464e-05,5.859046361642789e-05,2e-07
-0.00010830830830830832,5.8731219980320097e-05,5.869367552114855e-05,2e-07
-0.00010810810810810812,5.867084703013854e-05,5.886190741238361e-05,2e-07
-0.00010790790790790792,5.860972319788562e-05,5.8393177080808765e-05,2e-07
-0.00010770770770770772,5.854809399620181e-05,5.843320256044904e-05,2e-07
-0.00010750750750750752,5.848620693617935e-05,5.861098372786458e-05,2e-07
-0.00010730730730730732,5.842431054859406e-05,5.8010190599306685e-05,2e-07
-0.00010710710710710712,5.836265340110483e-05,5.86972353047499e-05,2e-07
-0.00010690690690690692,5.830148311530591e-05,5.835627395926157e-05,2e-07
-0.00010670670670670672,5.82410453875177e-05,5.8151558268786233e-05,2e-07
-0.00010650650650650652,5.818158301719937e-05,5.782609130367832e-05,2e-07
-0.00010630630630630632,5.812333494680895e-05,5.802408379138484e-05,2e-07
-0.00010610610610610612,5.806653531691589e-05,5.826181775311743e-05,2e-07
-0.00010590590590590591,5.801141254031008e-05,5.7816866609099426e-05,2e-07
-0.00010570570570570571,5.795818839875242e-05,5.80197311977144e-05,2e-07
-0.00010550550550550551,5.790707716595265e-05,5.776244134468499e-05,2e-07
-0.00010530530530530531,5.78582847602326e-05,5.7622828947136375e-05,2e-07
-0.00010510510510510511,5.7812007930237936e-05,5.744231348265758e-05,2e-07
-0.00010490490490490491,5.776843347690393e-05,5.778461041576628e-05,2e-07
-0.00010470470470470471,5.772773751475964e-05,5.7878008884187125e-05,2e-07
-0.00010450450450450451,5.769008477549643e-05,5.7460804664118705e-05,2e-07
-0.00010430430430430431,5.765562795654285e-05,5.772029629325524e-05,2e-07
-0.00010410410410410411,5.7624507117232094e-05,5.766595477179839e-05,2e-07
-0.00010390390390390391,5.7596849124943226e-05,5.7683289237895695e-05,2e-07
-0.00010370370370370371,5.757276715341378e-05,5.7580336978502015e-05,2e-07
-0.00010350350350350351,5.7552360235198815e-05,5.7416035446717725e-05,2e-07
-0.00010330330330330331,5.7535712870051344e-05,5.729497910677046e-05,2e-07
-0.00010310310310310311,5.7522894690774506e-05,5.74007366145309e-05,2e-07
-0.00010290290290290291,5.7513960187861326e-05,5.750006898041601e-05,2e-07
-0.00010270270270270271,5.750894849401482e-05,5.783699579826804e-05,2e-07
-0.00010250250250250251,5.75078832294007e-05,5.7460501087369625e-05,2e-07
-0.00010230230230230232,5.7510772408242086e-05,5.769504178978496e-05,2e-07
-0.00010210210210210212,5.751760840712779e-05,5.7843597641743184e-05,2e-07
-0.00010190190190190192,5.752836799515906e-05,5.7584901572434957e-05,2e-07
-0.00010170170170170172,5.7543012425814387e-05,5.729676921416179e-05,2e-07
-0.00010150150150150152,5.7561487590170476e-05,5.77276994637697e-05,2e-07
-0.00010130130130130132,5.7583724230874145e-05,5.774233386276279e-05,2e-07
-0.00010110110110110112,5.760963821601513e-05,5.768943971947085e-05,2e-07
-0.00010090090090090092,5.763913087182171e-05,5.771617748749101e-05,2e-07
-0.00010070070070070072,5.7672089372862246e-05,5.7416423774937356e-05,2e-07
-0.00010050050050050052,5.770838718820466e-05,5.746022998844025e-05,2e-07
-0.0001003003003003003,5.774788458177777e-05,5.738435596768464e-05,2e-07
-0.0001001001001001001,5.7790429164948913e-05,5.7630895265110705e-05,2e-07
-9.98998998998999e-05,5.783585649913899e-05,5.768217921729144e-05,2e-07
-9.96996996996997e-05,5.788399074608217e-05,5.8009232500786845e-05,2e-07
-9.94994994994995e-05,5.793464536317042e-05,5.8004987437681984e-05,2e-07
-9.92992992992993e-05,5.7987623841128385e-05,5.789123673964499e-05,2e-07
-9.90990990990991e-05,5.80427204810943e-05,5.800878392784663e-05,2e-07
-9.88988988988989e-05,5.809972120804772e-05,5.827525700109389e-05,2e-07
-9.86986986986987e-05,5.815840441735602e-05,5.805550459317976e-05,2e-07
-9.849849849849851e-05,5.8218541851101217e-05,5.807807787209281e-05,2e-07
-9.829829829829831e-05,5.827989950070836e-05,5.842105793335374e-05,2e-07
-9.809809809809811e-05,5.834223853232219e-05,5.841335466952129e-05,2e-07
-9.789789789789791e-05,5.840531623126528e-05,5.854146922275323e-05,2e-07
-9.769769769769771e-05,5.8468886961834745e-05,5.862064286833994e-05,2e-07
-9.749749749749751e-05,5.8532703138658214e-05,5.8305649044035956e-05,2e-07
-9.729729729729731e-05,5.859651620575727e-05,5.834827972892336e-05,2e-07
-9.709709709709711e-05,5.8660077619447535e-05,5.855802069528566e-05,2e-07
-9.689689689689691e-05,5.8723139831190247e-05,5.875411810425732e-05,2e-07
-9.669669669669671e-05,5.878545726650992e-05,5.883288642807264e-05,2e-07
-9.649649649649651e-05,5.884678729610835e-05,5.894193658157032e-05,2e-07
-9.629629629629631e-05,5.890689119532354e-05,5.934278551426812e-05,2e-07
-9.609609609609611e-05,5.896553508815616e-05,5.8817682472550264e-05,2e-07
-9.589589589589591e-05,5.902249087212185e-05,5.913512026228077e-05,2e-07
-9.569569569569571e-05,5.907753712026506e-05,5.907127641300473e-05,2e-07
-9.549549549549551e-05,5.913045995678278e-05,5.9493119989380324e-05,2e-07
-9.529529529529531e-05,5.918105390278519e-05,5.9380737830569364e-05,2e-07
-9.509509509509511e-05,5.9229122688849746e-05,5.9295526436001834e-05,2e-07
-9.489489489489491e-05,5.9274480031157357e-05,5.949267726099845e-05,2e-07
-9.469469469469471e-05,5.931695036814202e-05,5.9678365346231546e-05,2e-07
-9.44944944944945e-05,5.9356369554741544e-05,5.915244235822534e-05,2e-07
-9.42942942942943e-05,5.939258551149656e-05,5.9571495483412664e-05,2e-07
-9.40940940940941e-05,5.942545882594272e-05,5.946076564656421e-05,2e-07
-9.38938938938939e-05,5.945486330390976e-05,5.93834984063058e-05,2e-07
-9.36936936936937e-05,5.948068646854886e-05,5.970233359121398e-05,2e-07
-9.34934934934935e-05,5.9502830005115975e-05,5.943031496723055e-05,2e-07
-9.32932932932933e-05,5.9521210149752446e-05,5.9533773616835876e-05,2e-07
-9.30930930930931e-05,5.953575802072542e-05,5.9694774165157485e-05,2e-07
-9.28928928928929e-05,5.9546419890815296e-05,5.943079204350923e-05,2e-07
-9.26926926926927e-05,5.9553157399778226e-05,5.957421232170305e-05,2e-07
-9.24924924924925e-05,5.955594770603942e-05,5.9890504612567644e-05,2e-07
-9.22922922922923e-05,5.955478357701867e-05,5.964630245353312e-05,2e-07
-9.20920920920921e-05,5.9549673417731364e-05,5.947513563892934e-05,2e-07
-9.18918918918919e-05,5.9540641237551274e-05,5.951707711291203e-05,2e-07
-9.16916916916917e-05,5.952772655526665e-05,5.952591394225014e-05,2e-07
-9.14914914914915e-05,5.951098424280566e-05,5.960994485528093e-05,2e-07
-9.12912912912913e-05,5.949048430824823e-05,5.980845185023714e-05,2e-07
-9.10910910910911e-05,5.946631161898259e-05,5.964007635113075e-05,2e-07
-9.08908908908909e-05,5.9438565566101895e-05,5.954750560597653e-05,2e-07
-9.06906906906907e-05,5.9407359671368395e-05,5.931037649021794e-05,2e-07
-9.04904904904905e-05,5.937282113829652e-05,5.9468203652240715e-05,2e-07
-9.02902902902903e-05,5.9335090349134045e-05,5.9415084154419035e-05,2e-07
-9.00900900900901e-05,5.9294320309729083e-05,5.90977713004605e-05,2e-07
-8.98898898898899e-05,5.925067604447483e-05,5.903858575520475e-05,2e-07
-8.96896896896897e-05,5.920433394373193e-05,5.944115894226942e-05,2e-07
-8.94894894894895e-05,5.915548106629992e-05,5.8730160174505056e-05,2e-07
-8.92892892892893e-05,5.910431439970605e-05,5.9394667947629953e-05,2e-07
-8.90890890890891e-05,5.90510400812265e-05,5.8706138063817076e-05,2e-07
-8.888888888888889e-05,5.8995872582728593e-05,5.924143848918573e-05,2e-07
-8.86886886886887e-05,5.893903386255493e-05,5.914726717609193e-05,2e-07
-8.84884884884885e-05,5.888075248779872e-05,5.89757958053708e-05,2e-07
-8.82882882882883e-05,5.882126273044887e-05,5.877844679032799e-05,2e-07
-8.80880880880881e-05,5.876080364097503e-05,5.891692576229042e-05,2e-07
-8.78878878878879e-05,5.869961810301475e-05,5.86939373950239e-05,2e-07
-8.76876876876877e-05,5.863795187290249e-05,5.868025275763128e-05,2e-07
-8.74874874874875e-05,5.85760526078404e-05,5.8611738007584954e-05,2e-07
-8.72872872872873e-05,5.8514168886552816e-05,5.8681688692331756e-05,2e-07
-8.70870870870871e-05,5.845254922629257e-05,5.84909147189305e-05,2e-07
-8.68868868868869e-05,5.8391441100094354e-05,5.809440192903388e-05,2e-07
-8.66866866866867e-05,5.83310899581575e-05,5.847913394633917e-05,2e-07
-8.64864864864865e-05,5.8271738257223425e-05,5.798352922113539e-05,2e-07
-8.62862862862863e-05,5.821362450179711e-05,5.807646783394524e-05,2e-07
-8.60860860860861e-05,5.8156982300990674e-05,5.836271380876333e-05,2e-07
-8.58858858858859e-05,5.8102039444732223e-05,5.8044065023858675e-05,2e-07
-8.56856856856857e-05,5.8049017002980085e-05,5.811877718694921e-05,2e-07
-8.54854854854855e-05,5.799812845151499e-05,5.795233599659616e-05,2e-07
-8.52852852852853e-05,5.794957882776283e-05,5.810861528198675e-05,2e-07
-8.50850850850851e-05,5.790356391998274e-05,5.7596627731907885e-05,2e-07
-8.48848848848849e-05,5.786026949303597e-05,5.806421093709656e-05,2e-07
-8.46846846846847e-05,5.781987055378642e-05,5.787480873177925e-05,2e-07
-8.44844844844845e-05,5.7782530659046676e-05,5.7560824058441816e-05,2e-07
-8.42842842842843e-05,5.7748401268802254e-05,5.802959710607638e-05,2e-07
-8.40840840840841e-05,5.7717621147269446e-05,5.759039176418699e-05,2e-07
-8.38838838838839e-05,5.769031581416181e-05,5.8054767699182094e-05,2e-07
-8.36836836836837e-05,5.7666597048327505e-05,5.7756213574142306e-05,2e-07
-8.34834834834835e-05,5.7646562445727555e-05,5.763193210514727e-05,2e-07
-8.32832832832833e-05,5.763029503349658e-05,5.72675966596431e-05,2e-07
-8.308308308308309e-05,5.7617862941617266e-05,5.753634242238133e-05,2e-07
-8.288288288288289e-05,5.760931913350414e-05,5.796451054125651e-05,2e-07
-8.268268268268269e-05,5.76047011965621e-05,5.794045751173934e-05,2e-07
-8.248248248248249e-05,5.76040311935495e-05,5.7683504970623784e-05,2e-07
-8.228228228228229e-05,5.7607315575332094e-05,5.7714561402707854e-05,2e-07
-8.208208208208209e-05,5.761454515537325e-05,5.786695766378289e-05,2e-07
-8.188188188188189e-05,5.762569514606184e-05,5.794416000338089e-05,2e-07
-8.168168168168169e-05,5.764072525673351e-05,5.767589504274743e-05,2e-07
-8.148148148148149e-05,5.76595798529975e-05,5.773226049204643e-05,2e-07
-8.128128128128129e-05,5.7682188176740365e-05,5.760009257274095e-05,2e-07
-8.108108108108109e-05,5.7708464625935e-05,5.7578228357143955e-05,2e-07
-8.088088088088089e-05,5.7738309093148654e-05,5.776423025598883e-05,2e-07
-8.068068068068069e-05,5.777160736141258e-05,5.7708588960011305e-05,2e-07
-8.048048048048049e-05,5.780823155588733e-05,5.822707250750822e-05,2e-07
-8.028028028028029e-05,5.784804064953656e-05,5.756378529263159e-05,2e-07
-8.008008008008009e-05,5.789088102080973e-05,5.795562052116342e-05,2e-07
-7.987987987987989e-05,5.7936587061131873e-05,5.797548714061734e-05,2e-07
-7.967967967967969e-05,5.798498182979293e-05,5.796596983299071e-05,2e-07
-7.947947947947949e-05,5.803587775364898e-05,5.775268831871102e-05,2e-07
-7.927927927927929e-05,5.8089077368872125e-05,5.819205296126265e-05,2e-07
-7.90790790790791e-05,5.814437410180945e-05,5.8585252426249725e-05,2e-07
-7.88788788788789e-05,5.8201553085866434e-05,5.827756198801996e-05,2e-07
-7.86786786786787e-05,5.826039201118586e-05,5.8253186225578055e-05,2e-07
-7.84784784784785e-05,5.832066200376101e-05,5.858788029855611e-05,2e-07
-7.82782782782783e-05,5.8382128530504556e-05,5.822437055223803e-05,2e-07
-7.80780780780781e-05,5.844455232669558e-05,5.8344956931222334e-05,2e-07
-7.787787787787788e-05,5.8507690342141424e-05,5.832502249475793e-05,2e-07
-7.767767767767768e-05,5.8571296702305213e-05,5.843922396744609e-05,2e-07
-7.747747747747748e-05,5.863512368060233e-05,5.8920712818733115e-05,2e-07
-7.727727727727728e-05,5.869892267802215e-05,5.873641989083263e-05,2e-07
-7.707707707707708e-05,5.876244520620247e-05,5.882021584441809e-05,2e-07
-7.687687687687688e-05,5.8825443870057687e-05,5.891343579117358e-05,2e-07
-7.667667667667668e-05,5.888767334609245e-05,5.880758709568013e-05,2e-07
-7.647647647647648e-05,5.8948891352520404e-05,5.871459105488144e-05,2e-07
-7.627627627627628e-05,5.900885960735344e-05,5.9095090690777814e-05,2e-07
-7.607607607607608e-05,5.9067344770673926e-05,5.937040688082334e-05,2e-07
-7.587587587587588e-05,5.9124119367365234e-05,5.9170353611969714e-05,2e-07
-7.567567567567568e-05,5.917896268665249e-05,5.9488088431189336e-05,2e-07
-7.547547547547548e-05,5.923166165488637e-05,5.9217777803907055e-05,2e-07
-7.527527527527528e-05,5.9282011678134194e-05,5.948318561349072e-05,2e-07
-7.507507507507509e-05,5.9329817451235724e-05,5.9272090344451813e-05,2e-07
-7.487487487487489e-05,5.937489373012598e-05,5.9831469649997336e-05,2e-07
-7.467467467467469e-05,5.9417066064372204e-05,5.9198379861284095e-05,2e-07
-7.447447447447449e-05,5.945617148702902e-05,5.9403720586239055e-05,2e-07
-7.427427427427429e-05,5.949205915908421e-05,5.995297581635667e-05,2e-07
-7.407407407407409e-05,5.952459096594003e-05,5.948200247966517e-05,2e-07
-7.387387387387389e-05,5.9553642063581715e-05,5.95309224744951e-05,2e-07
-7.367367367367369e-05,5.9579101372267365e-05,5.960082102682151e-05,2e-07
-7.347347347347349e-05,5.960087201578422e-05,5.962242031063523e-05,2e-07
-7.327327327327329e-05,5.9618871704542124e-05,5.95735238905935e-05,2e-07
-7.307307307307309e-05,5.963303306098256e-05,5.949912633472282e-05,2e-07
-7.287287287287289e-05,5.964330388602029e-05,5.9664410985287445e-05,2e-07
-7.267267267267269e-05,5.9649647365460606e-05,5.9777963805956127e-05,2e-07
-7.247247247247249e-05,5.965204221557989e-05,5.9525533699670656e-05,2e-07
-7.227227227227229e-05,5.96504827672908e-05,5.995071087125137e-05,2e-07
-7.207207207207209e-05,5.9644978988560154e-05,5.9886791979593955e-05,2e-07
-7.187187187187189e-05,5.963555644499151e-05,5.9494275942166066e-05,2e-07
-7.167167167167169e-05,5.962225619872671e-05,5.984013541033668e-05,2e-07
-7.147147147147149e-05,5.960513464606871e-05,5.947898681654252e-05,2e-07
-7.127127127127129e-05,5.9584263294465004e-05,5.972970891214806e-05,2e-07
-7.107107107107109e-05,5.955972847973574e-05,5.9165757329181185e-05,2e-07
-7.087087087087089e-05,5.953163102466202e-05,5.9727418546960375e-05,2e-07
-7.067067067067069e-05,5.950008584028982e-05,5.957234921309041e-05,2e-07
-7.047047047047049e-05,5.9465221471519706e-05,5.969803888803074e-05,2e-07
-7.027027027027029e-05,5.942717958878124e-05,5.930528490787781e-05,2e-07
-7.007007007007009e-05,5.938611442780806e-05,5.9595788777308105e-05,2e-07
-6.986986986986989e-05,5.93421921797191e-05,5.960944696805481e-05,2e-07
-6.966966966966969e-05,5.929559033382607e-05,5.915110359052521e-05,2e-07
-6.946946946946949e-05,5.924649697575886e-05,5.9295590227298704e-05,2e-07
-6.92692692692693e-05,5.919511004369525e-05,5.924477775488854e-05,2e-07
-6.90690690690691e-05,5.914163654562333e-05,5.917952767614888e-05,2e-07
-6.886886886886887e-05,5.908629174073717e-05,5.937048847270745e-05,2e-07
-6.866866866866867e-05,5.902929828821078e-05,5.889409972165139e-05,2e-07
-6.846846846846847e-05,5.897088536670229e-05,5.8808998635791916e-05,2e-07
-6.826826826826827e-05,5.8911287768076795e-05,5.927423465366285e-05,2e-07
-6.806806806806807e-05,5.885074496893984e-05,5.870309169241338e-05,2e-07
-6.786786786786787e-05,5.878950018363686e-05,5.874487355552413e-05,2e-07
-6.766766766766767e-05,5.872779940247701e-05,5.861740511199812e-05,2e-07
-6.746746746746747e-05,5.866589041897437e-05,5.868106740873869e-05,2e-07
-6.726726726726727e-05,5.8604021849967314e-05,5.859317551580801e-05,2e-07
-6.706706706706707e-05,5.854244215247417e-05,5.859054180194458e-05,2e-07
-6.686686686686687e-05,5.848139864118073e-05,5.859158987502603e-05,2e-07
-6.666666666666667e-05,5.842113651045321e-05,5.849411037817914e-05,2e-07
-6.646646646646647e-05,5.8361897864727784e-05,5.8357066721718676e-05,2e-07
-6.626626626626627e-05,5.830392076111922e-05,5.834165060434131e-05,2e-07
-6.606606606606607e-05,5.824743826804221e-05,5.8648939650418304e-05,2e-07
-6.586586586586587e-05,5.8192677543551525e-05,5.80708295490166e-05,2e-07
-6.566566566566567e-05,5.8139858937059526e-05,5.8276949160154115e-05,2e-07
-6.546546546546547e-05,5.808919511797338e-05,5.7845873849233655e-05,2e-07
-6.526526526526527e-05,5.804089023471008e-05,5.8163778300897796e-05,2e-07
-6.506506506506507e-05,5.7995139107400217e-05,5.806428986754319e-05,2e-07
-6.486486486486487e-05,5.795212645748054e-05,5.8101074225826784e-05,2e-07
-6.466466466466467e-05,5.791202617722712e-05,5.795684442960293e-05,2e-07
-6.446446446446447e-05,5.787500064210537e-05,5.7918207459838544e-05,2e-07
-6.426426426426427e-05,5.784120006866498e-05,5.797258023587651e-05,2e-07
-6.406406406406407e-05,5.781076192051742e-05,5.791267411069775e-05,2e-07
-6.386386386386387e-05,5.7783810364743955e-05,5.78346968601239e-05,2e-07
-6.366366366366367e-05,5.776045578088332e-05,5.768400390820289e-05,2e-07
-6.346346346346347e-05,5.7740794324440715e-05,5.762890441199898e-05,2e-07
-6.326326326326327e-05,5.772490754664823e-05,5.7853145997774454e-05,2e-07
-6.306306306306307e-05,5.771286207197355e-05,5.762880413116283e-05,2e-07
-6.286286286286288e-05,5.770470933465727e-05,5.753024614287272e-05,2e-07
-6.266266266266268e-05,5.770048537531922e-05,5.757096293357627e-05,2e-07
-6.246246246246248e-05,5.77002106984379e-05,5.729665616645945e-05,2e-07
-6.226226226226228e-05,5.770389019126629e-05,5.766797758612636e-05,2e-07
-6.206206206206208e-05,5.7711513104505855e-05,5.800754399224934e-05,2e-07
-6.186186186186188e-05,5.7723053094813766e-05,5.767682261064513e-05,2e-07
-6.166166166166168e-05,5.773846832897619e-05,5.7554017671229394e-05,2e-07
-6.146146146146148e-05,5.775770164933581e-05,5.790203492236875e-05,2e-07
-6.126126126126128e-05,5.778068079981852e-05,5.805684838881224e-05,2e-07
-6.106106106106108e-05,5.780731871166554e-05,5.752504514406238e-05,2e-07
-6.086086086086088e-05,5.783751384774309e-05,5.841169615900013e-05,2e-07
-6.066066066066068e-05,5.7871150604065015e-05,5.780054881173008e-05,2e-07
-6.046046046046048e-05,5.790809976694194e-05,5.7733346477913245e-05,2e-07
-6.026026026026028e-05,5.794821902394978e-05,5.8175586195360866e-05,2e-07
-6.006006006006008e-05,5.799135352669864e-05,5.781477135193526e-05,2e-07
-5.985985985985988e-05,5.803733650316884e-05,5.7754520562354713e-05,2e-07
-5.965965965965968e-05,5.808598991720373e-05,5.823622355356329e-05,2e-07
-5.945945945945948e-05,5.813712517254439e-05,5.805417083607937e-05,2e-07
-5.925925925925928e-05,5.819054385862266e-05,5.8037580977101646e-05,2e-07
-5.905905905905908e-05,5.824603853516371e-05,5.822682271659101e-05,2e-07
-5.885885885885888e-05,5.830339355249961e-05,5.854360839766329e-05,2e-07
-5.865865865865868e-05,5.8362385904343015e-05,5.861408644449281e-05,2e-07
-5.845845845845848e-05,5.8422786109652556e-05,5.846368673133073e-05,2e-07
-5.825825825825828e-05,5.848435912010388e-05,5.821424989839494e-05,2e-07
-5.805805805805808e-05,5.854686524957636e-05,5.854118536117745e-05,2e-07
-5.785785785785788e-05,5.861006112197792e-05,5.860766192620745e-05,2e-07
-5.765765765765768e-05,5.8673700633661127e-05,5.8496837280351405e-05,2e-07
-5.7457457457457456e-05,5.8737535926629427e-05,5.8984510446849214e-05,2e-07
-5.7257257257257256e-05,5.8801318368676645e-05,5.871282320283305e-05,2e-07
-5.7057057057057056e-05,5.886479953658863e-05,5.891675967726683e-05,2e-07
-5.6856856856856856e-05,5.8927732198520185e-05,5.8956600438848336e-05,2e-07
-5.665665665665666e-05,5.898987129166088e-05,5.893420846172898e-05,2e-07
-5.645645645645646e-05,5.905097489132157e-05,5.8979067912259386e-05,2e-07
-5.625625625625626e-05,5.911080516761119e-05,5.922789411678366e-05,2e-07
-5.605605605605606e-05,5.916912932592464e-05,5.940516093997651e-05,2e-07
-5.585585585585586e-05,5.922572052751501e-05,5.9190624656109466e-05,2e-07
-5.565565565565566e-05,5.928035878651393e-05,5.92182306373324e-05,2e-07
-5.545545545545546e-05,5.933283183985643e-05,5.9526128176913825e-05,2e-07
-5.525525525525526e-05,5.938293598666058e-05,5.957948724960144e-05,2e-07
-5.505505505505506e-05,5.9430476893754465e-05,5.938092217231557e-05,2e-07
-5.485485485485486e-05,5.94752703641533e-05,5.9468582454533986e-05,2e-07
-5.465465465465466e-05,5.9517143065458805e-05,5.9510014603328615e-05,2e-07
-5.445445445445446e-05,5.955593321529155e-05,5.952008031505824e-05,2e-07
-5.425425425425426e-05,5.959149122104985e-05,5.963035323894929e-05,2e-07
-5.405405405405406e-05,5.962368027146747e-05,5.9665869359018394e-05,2e-07
-5.385385385385386e-05,5.965237687762421e-05,5.991647576993124e-05,2e-07
-5.365365365365366e-05,5.967747136127786e-05,5.976190096335502e-05,2e-07
-5.345345345345346e-05,5.969886828857996e-05,5.9752512781501254e-05,2e-07
-5.325325325325326e-05,5.971648684746344e-05,5.96883249496076e-05,2e-07
-5.305305305305306e-05,5.9730261167210524e-05,5.960741640549949e-05,2e-07
-5.285285285285286e-05,5.9740140578933904e-05,5.989994459129305e-05,2e-07
-5.265265265265266e-05,5.974608981594487e-05,5.983067696694164e-05,2e-07
-5.245245245245246e-05,5.9748089153212906e-05,6.009195009498807e-05,2e-07
-5.225225225225226e-05,5.974613448536769e-05,5.946576976430932e-05,2e-07
-5.205205205205206e-05,5.9740237342933224e-05,5.983422068944781e-05,2e-07
-5.185185185185186e-05,5.973042484673135e-05,5.965879608007157e-05,2e-07
-5.1651651651651664e-05,5.971673960063345e-05,5.960649558002689e-05,2e-07
-5.1451451451451464e-05,5.9699239523086456e-05,5.943385886328398e-05,2e-07
-5.1251251251251264e-05,5.9677997618076796e-05,5.9578107930639155e-05,2e-07
-5.1051051051051064e-05,5.965310168644031e-05,5.985643194819086e-05,2e-07
-5.0850850850850865e-05,5.962465397865929e-05,5.970590602275342e-05,2e-07
-5.0650650650650665e-05,5.9592770790517236e-05,5.939444984539652e-05,2e-07
-5.0450450450450465e-05,5.955758200321511e-05,5.9201940271996214e-05,2e-07
-5.0250250250250266e-05,5.9519230569761685e-05,5.955608152551998e-05,2e-07
-5.0050050050050066e-05,5.947787194967425e-05,5.966973190409551e-05,2e-07
-4.9849849849849866e-05,5.943367349422341e-05,5.9461641673208605e-05,2e-07
-4.9649649649649666e-05,5.9386813784649487e-05,5.908615192095087e-05,2e-07
-4.944944944944947e-05,5.933748192597528e-05,5.956887356453383e-05,2e-07
-4.924924924924927e-05,5.928587679919788e-05,5.924644761235423e-05,2e-07
-4.904904904904907e-05,5.9232206274827424e-05,5.923280934701227e-05,2e-07
-4.884884884884887e-05,5.917668639087193e-05,5.9329008976866e-05,2e-07
-4.864864864864867e-05,5.9119540498527866e-05,5.922641695085962e-05,2e-07
-4.844844844844847e-05,5.90609983789513e-05,5.8979352042216524e-05,2e-07
-4.824824824824827e-05,5.900129533459833e-05,5.8816118314167986e-05,2e-07
-4.804804804804807e-05,5.894067125873561e-05,5.846869946408339e-05,2e-07
-4.784784784784787e-05,5.887936968679638e-05,5.872566773857933e-05,2e-07
-4.764764764764767e-05,5.881763683333205e-05,5.906919528022811e-05,2e-07
-4.744744744744747e-05,5.875572061836919e-05,5.882479494212514e-05,2e-07
-4.724724724724727e-05,5.86938696870243e-05,5.881846812904218e-05,2e-07
-4.704704704704707e-05,5.8632332426251514e-05,5.853068385517531e-05,2e-07
-4.684684684684687e-05,5.8571355982607275e-05,5.886359636352712e-05,2e-07
-4.664664664664667e-05,5.8511185284924145e-05,5.8632758998618205e-05,2e-07
-4.644644644644647e-05,5.8452062075753875e-05,5.809933831398051e-05,2e-07
-4.6246246246246244e-05,5.839422395540884e-05,5.84904578971041e-05,2e-07
-4.6046046046046044e-05,5.8337903442383676e-05,5.809768132415469e-05,2e-07
-4.5845845845845845e-05,5.828332705387452e-05,5.80731608733964e-05,2e-07
-4.5645645645645645e-05,5.823071441003017e-05,5.816331640206513e-05,2e-07
-4.5445445445445445e-05,5.8180277365473866e-05,5.824517335393988e-05,2e-07
-4.5245245245245245e-05,5.813221917153698e-05,5.795906044755846e-05,2e-07
-4.5045045045045046e-05,5.8086733672513366e-05,5.813687000454752e-05,2e-07
-4.4844844844844846e-05,5.804400453911212e-05,5.7856682855392616e-05,2e-07
-4.4644644644644646e-05,5.800420454213979e-05,5.780885496360682e-05,2e-07
-4.4444444444444447e-05,5.7967494869291313e-05,5.783224616172004e-05,2e-07
-4.424424424424425e-05,5.79340244877398e-05,5.8010134076398274e-05,2e-07
-4.404404404404405e-05,5.7903929555053825e-05,5.7959346839032855e-05,2e-07
-4.384384384384385e-05,5.787733288077041e-05,5.81575512894694e-05,2e-07
-4.364364364364365e-05,5.785434344075169e-05,5.8016114667250706e-05,2e-07
-4.344344344344345e-05,5.7835055946245416e-05,5.80943919042438e-05,2e-07
-4.324324324324325e-05,5.7819550469353676e-05,5.8124541667060815e-05,2e-07
-4.304304304304305e-05,5.780789212639376e-05,5.775473052510116e-05,2e-07
-4.284284284284285e-05,5.7800130820398224e-05,5.805101031366558e-05,2e-07
-4.264264264264265e-05,5.7796301043775906e-05,5.7655560769839285e-05,2e-07
-4.244244244244245e-05,5.779642174191431e-05,5.781327506954271e-05,2e-07
-4.224224224224225e-05,5.780049623826051e-05,5.8136920692300747e-05,2e-07
-4.204204204204205e-05,5.780851222117899e-05,5.786826898155457e-05,2e-07
-4.184184184184185e-05,5.782044179263743e-05,5.7914774448705647e-05,2e-07
-4.164164164164165e-05,5.7836241578527697e-05,5.792103254142834e-05,2e-07
-4.144144144144145e-05,5.7855852900186235e-05,5.774430884986683e-05,2e-07
-4.124124124124125e-05,5.787920200643681e-05,5.783520935365161e-05,2e-07
-4.104104104104105e-05,5.790620036523383e-05,5.790117135390959e-05,2e-07
-4.084084084084085e-05,5.7936745013758316e-05,5.784176483231418e-05,2e-07
-4.064064064064065e-05,5.797071896557913e-05,5.785124152569559e-05,2e-07
-4.044044044044045e-05,5.8007991673269186e-05,5.86271776867848e-05,2e-07
-4.024024024024025e-05,5.804841954464745e-05,5.8161214369464164e-05,2e-07
-4.004004004004005e-05,5.809184651060654e-05,5.79769369956256e-05,2e-07
-3.983983983983985e-05,5.813810464228178e-05,5.843011231182721e-05,2e-07
-3.963963963963965e-05,5.8187014815113e-05,5.847476187582231e-05,2e-07
-3.9439439439439454e-05,5.823838741718457e-05,5.82430040256738e-05,2e-07
-3.9239239239239254e-05,5.829202309903772e-05,5.849971679825055e-05,2e-07
-3.9039039039039054e-05,5.8347713561982724e-05,5.818243061879815e-05,2e-07
-3.8838838838838854e-05,5.840524238180758e-05,5.8984638955426156e-05,2e-07
-3.8638638638638655e-05,5.846438586461423e-05,5.825935642441316e-05,2e-07
-3.8438438438438455e-05,5.8524913931407256e-05,5.8378695721769504e-05,2e-07
-3.8238238238238255e-05,5.858659102792367e-05,5.8824520456652525e-05,2e-07
-3.8038038038038055e-05,5.8649177056121826e-05,5.8838878236047554e-05,2e-07
-3.7837837837837856e-05,5.8712428323638855e-05,5.8542737270607476e-05,2e-07
-3.7637637637637656e-05,5.877609850745339e-05,5.895928680382994e-05,2e-07
-3.7437437437437456e-05,5.883993962795923e-05,5.8733629369454984e-05,2e-07
-3.7237237237237257e-05,5.8903703029589915e-05,5.8634558428738324e-05,2e-07
-3.703703703703706e-05,5.896714036410812e-05,5.874749143197835e-05,2e-07
-3.683683683683686e-05,5.903000457268889e-05,5.906628649448909e-05,2e-07
-3.663663663663666e-05,5.90920508628985e-05,5.923268581719646e-05,2e-07
-3.643643643643646e-05,5.9153037676716294e-05,5.9260387889284764e-05,2e-07
-3.623623623623626e-05,5.9212727645757424e-05,5.896206604852725e-05,2e-07
-3.603603603603606e-05,5.92708885299359e-05,5.920821699101415e-05,2e-07
-3.583583583583586e-05,5.932729413584779e-05,5.9277416696308537e-05,2e-07
-3.563563563563566e-05,5.938172521123565e-05,5.958402002423587e-05,2e-07
-3.543543543543546e-05,5.9433970312012316e-05,5.965588966084399e-05,2e-07
-3.523523523523526e-05,5.948382663840709e-05,5.988308342900614e-05,2e-07
-3.503503503503506e-05,5.953110083692191e-05,5.979121464163612e-05,2e-07
-3.483483483483483e-05,5.9575609764940205e-05,5.9657168658844386e-05,2e-07
-3.463463463463463e-05,5.961718121495309e-05,5.972844528012036e-05,2e-07
-3.4434434434434433e-05,5.96556545955469e-05,5.9779609675675726e-05,2e-07
-3.4234234234234234e-05,5.969088156644959e-05,6.0139336490887164e-05,2e-07
-3.4034034034034034e-05,5.972272662513626e-05,5.9652948004502465e-05,2e-07
-3.3833833833833834e-05,5.975106764266766e-05,5.988959661986325e-05,2e-07
-3.3633633633633635e-05,5.9775796346639675e-05,6.008305116067917e-05,2e-07
-3.3433433433433435e-05,5.9796818749342536e-05,5.9943678591668234e-05,2e-07
-3.3233233233233235e-05,5.981405551942938e-05,5.954094962666396e-05,2e-07
-3.3033033033033035e-05,5.982744229562866e-05,5.9459460262017106e-05,2e-07
-3.2832832832832836e-05,5.983692994125583e-05,5.973845711537638e-05,2e-07
-3.2632632632632636e-05,5.984248473852266e-05,5.997618866844518e-05,2e-07
-3.2432432432432436e-05,5.984408852187237e-05,5.953578010279473e-05,2e-07
-3.2232232232232236e-05,5.984173874981387e-05,5.954046758540597e-05,2e-07
-3.203203203203204e-05,5.983544851497244e-05,6.005046450554842e-05,2e-07
-3.183183183183184e-05,5.9825246492315116e-05,5.949603370473819e-05,2e-07
-3.163163163163164e-05,5.9811176825757684e-05,5.9793099341602376e-05,2e-07
-3.143143143143144e-05,5.979329895359959e-05,5.9544181918930343e-05,2e-07
-3.123123123123124e-05,5.977168737347891e-05,5.9580786323544406e-05,2e-07
-3.103103103103104e-05,5.974643134777412e-05,5.981778514498364e-05,2e-07
-3.083083083083084e-05,5.971763455062285e-05,5.980855242382347e-05,2e-07
-3.063063063063064e-05,5.9685414657947364e-05,5.9528274563461434e-05,2e-07
-3.043043043043044e-05,5.9649902882109956e-05,5.970817473852222e-05,2e-07
-3.023023023023024e-05,5.9611243453043636e-05,5.9929822957021575e-05,2e-07
-3.003003003003004e-05,5.9569593047901184e-05,5.963100457120255e-05,2e-07
-2.982982982982984e-05,5.952512017148345e-05,5.959530321896092e-05,2e-07
-2.962962962962964e-05,5.94780044898968e-05,5.941372779335419e-05,2e-07
-2.942942942942944e-05,5.942843612007405e-05,5.9589044139147525e-05,2e-07
-2.922922922922924e-05,5.9376614877967216e-05,5.9617484306734394e-05,2e-07
-2.902902902902904e-05,5.93227494883835e-05,5.926750999810376e-05,2e-07
-2.882882882882884e-05,5.926705675959888e-05,5.924921288292235e-05,2e-07
-2.862862862862864e-05,5.920976072599914e-05,5.913263594076364e-05,2e-07
-2.8428428428428442e-05,5.915109176214755e-05,5.9160089437463684e-05,2e-07
-2.8228228228228242e-05,5.909128567178195e-05,5.897857334115463e-05,2e-07
-2.8028028028028042e-05,5.903058275534272e-05,5.898938273957333e-05,2e-07
-2.7827827827827843e-05,5.8969226859717336e-05,5.9082327054721156e-05,2e-07
-2.7627627627627643e-05,5.890746441395802e-05,5.838219545436851e-05,2e-07
-2.7427427427427443e-05,5.884554345479684e-05,5.889143309805101e-05,2e-07
-2.7227227227227243e-05,5.878371264579485e-05,5.8631476479721884e-05,2e-07
-2.7027027027027044e-05,5.872222029401516e-05,5.866710856887685e-05,2e-07
-2.6826826826826844e-05,5.866131336810706e-05,5.8386637994238494e-05,2e-07
-2.6626626626626644e-05,5.8601236521683326e-05,5.840357040128261e-05,2e-07
-2.6426426426426445e-05,5.854223112584818e-05,5.8397206089433113e-05,2e-07
-2.6226226226226245e-05,5.848453431470973e-05,5.8550212216666894e-05,2e-07
-2.6026026026026045e-05,5.8428378047646956e-05,5.835100519118128e-05,2e-07
-2.5825825825825845e-05,5.837398819203806e-05,5.8396418629462755e-05,2e-07
-2.5625625625625646e-05,5.83215836300795e-05,5.82940748179305e-05,2e-07
-2.5425425425425446e-05,5.8271375393229066e-05,5.828629547672875e-05,2e-07
-2.5225225225225246e-05,5.8223565827694636e-05,5.79095062263776e-05,2e-07
-2.5025025025025046e-05,5.8178347794264835e-05,5.827653587144578e-05,2e-07
-2.4824824824824847e-05,5.8135903905652786e-05,5.848323411212047e-05,2e-07
-2.4624624624624647e-05,5.809640580436492e-05,5.804356618747921e-05,2e-07
-2.4424424424424447e-05,5.8060013483947957e-05,5.808592870910658e-05,2e-07
-2.4224224224224248e-05,5.8026874656305414e-05,5.8155693244102505e-05,2e-07
-2.4024024024024048e-05,5.799712416757683e-05,5.8189525464463385e-05,2e-07
-2.3823823823823848e-05,5.7970883464897995e-05,5.787622434180897e-05,2e-07
-2.362362362362365e-05,5.794826011614329e-05,5.788150429966637e-05,2e-07
-2.342342342342342e-05,5.792934738455515e-05,5.776356491031937e-05,2e-07
-2.3223223223223222e-05,5.791422385993997e-05,5.7872704688145657e-05,2e-07
-2.3023023023023022e-05,5.790295314788819e-05,5.793198518219196e-05,2e-07
-2.2822822822822822e-05,5.78955836182499e-05,5.773415311589539e-05,2e-07
-2.2622622622622623e-05,5.7892148213859054e-05,5.778748861026553e-05,2e-07
-2.2422422422422423e-05,5.789266432026251e-05,5.780500531502685e-05,2e-07
-2.2222222222222223e-05,5.789713369696994e-05,5.810771404821246e-05,2e-07
-2.2022022022022024e-05,5.790554247049607e-05,5.8053895295296065e-05,2e-07
-2.1821821821821824e-05,5.791786118922231e-05,5.818434538253601e-05,2e-07
-2.1621621621621624e-05,5.793404493986199e-05,5.7905455273120055e-05,2e-07
-2.1421421421421424e-05,5.795403352506735e-05,5.802249150404988e-05,2e-07
-2.1221221221221225e-05,5.797775170147621e-05,5.837376722043579e-05,2e-07
-2.1021021021021025e-05,5.8005109477258745e-05,5.817978440912068e-05,2e-07
-2.0820820820820825e-05,5.803600246798396e-05,5.8068591674077985e-05,2e-07
-2.0620620620620626e-05,5.8070312309403766e-05,5.7921187071337855e-05,2e-07
-2.0420420420420426e-05,5.810790712551618e-05,5.820063707186345e-05,2e-07
-2.0220220220220226e-05,5.814864205006348e-05,5.8226224835756324e-05,2e-07
-2.0020020020020026e-05,5.819235979939722e-05,5.798648872630783e-05,2e-07
-1.9819819819819827e-05,5.823889129444688e-05,5.8311303772022176e-05,2e-07
-1.9619619619619627e-05,5.828805632933601e-05,5.821301556324344e-05,2e-07
-1.9419419419419427e-05,5.833966428399393e-05,5.828818008162913e-05,2e-07
-1.9219219219219227e-05,5.8393514877954774e-05,5.817186954288506e-05,2e-07
-1.9019019019019028e-05,5.8449398962354746e-05,5.881064716896098e-05,2e-07
-1.8818818818818828e-05,5.8507099346998585e-05,5.829170735647803e-05,2e-07
-1.8618618618618628e-05,5.8566391659229186e-05,5.863216766424693e-05,2e-07
-1.841841841841843e-05,5.862704523119377e-05,5.852880555947031e-05,2e-07
-1.821821821821823e-05,5.8688824012010695e-05,5.8394736623111294e-05,2e-07
-1.801801801801803e-05,5.875148750121635e-05,5.870598939481434e-05,2e-07
-1.781781781781783e-05,5.8814791699814156e-05,5.888119805958985e-05,2e-07
-1.761761761761763e-05,5.887849007515407e-05,5.9007008899131655e-05,2e-07
-1.741741741741743e-05,5.8942334535831036e-05,5.867420218648943e-05,2e-07
-1.721721721721723e-05,5.900607641275171e-05,5.882684925393491e-05,2e-07
-1.701701701701703e-05,5.9069467442481464e-05,5.8958129937557296e-05,2e-07
-1.681681681681683e-05,5.913226074898764e-05,5.916237139075423e-05,2e-07
-1.661661661661663e-05,5.919421181989834e-05,5.8923442011498236e-05,2e-07
-1.641641641641643e-05,5.9255079473414145e-05,5.9458264534089294e-05,2e-07
-1.621621621621623e-05,5.931462681204746e-05,5.953730012140015e-05,2e-07
-1.6016016016016032e-05,5.9372622159419436e-05,5.916321654175181e-05,2e-07
-1.5815815815815832e-05,5.9428839976414177e-05,5.943830379466997e-05,2e-07
-1.5615615615615632e-05,5.948306175305955e-05,5.94710357631814e-05,2e-07
-1.5415415415415433e-05,5.9535076872612176e-05,5.931692445937293e-05,2e-07
-1.5215215215215233e-05,5.958468344443073e-05,5.951539107427271e-05,2e-07
-1.5015015015015033e-05,5.9631689102342156e-05,5.973518308060662e-05,2e-07
-1.4814814814814834e-05,5.9675911765342405e-05,5.955824165951186e-05,2e-07
-1.4614614614614634e-05,5.9717180357624944e-05,5.951928327788157e-05,2e-07
-1.4414414414414434e-05,5.9755335485092614e-05,5.939632299594914e-05,2e-07
-1.4214214214214234e-05,5.97902300656719e-05,5.9864076595083176e-05,2e-07
-1.4014014014014035e-05,5.982172991094025e-05,5.97528504748863e-05,2e-07
-1.3813813813813835e-05,5.984971425676842e-05,6.0038653494730555e-05,2e-07
-1.3613613613613635e-05,5.9874076240874755e-05,5.964663048664969e-05,2e-07
-1.3413413413413436e-05,5.9894723325405986e-05,5.997212691887192e-05,2e-07
-1.3213213213213236e-05,5.9911577662873634e-05,5.966494376860042e-05,2e-07
-1.3013013013013036e-05,5.9924576403997765e-05,5.9938552229488084e-05,2e-07
-1.2812812812812836e-05,5.993367194624074e-05,5.969403486285996e-05,2e-07
-1.2612612612612637e-05,5.993883212204868e-05,5.983173440312532e-05,2e-07
-1.2412412412412437e-05,5.9940040326056796e-05,5.948061541595658e-05,2e-07
-1.2212212212212237e-05,5.993729558075403e-05,5.9907716355271476e-05,2e-07
-1.201201201201201e-05,5.993061254034869e-05,5.986613883629909e-05,2e-07
-1.181181181181181e-05,5.992002143281928e-05,6.016208986717171e-05,2e-07
-1.1611611611611611e-05,5.9905567940379394e-05,5.9915801744582004e-05,2e-07
-1.1411411411411411e-05,5.988731301882989e-05,6.009901039692645e-05,2e-07
-1.1211211211211212e-05,5.986533265651304e-05,5.987523346400103e-05,2e-07
-1.1011011011011012e-05,5.983971757381992e-05,5.978751220349511e-05,2e-07
-1.0810810810810812e-05,5.9810572864441924e-05,5.9710852827643455e-05,2e-07
-1.0610610610610612e-05,5.977801757978396e-05,5.9383980487152613e-05,2e-07
-1.0410410410410413e-05,5.9742184258182136e-05,5.975954473699126e-05,2e-07
-1.0210210210210213e-05,5.970321840078615e-05,5.9719738581343514e-05,2e-07
-1.0010010010010013e-05,5.9661277896186115e-05,5.9873360194443656e-05,2e-07
-9.809809809809813e-06,5.961653239604899e-05,5.981061249931247e-05,2e-07
-9.609609609609614e-06,5.956916264423984e-05,5.9560152986875405e-05,2e-07
-9.409409409409414e-06,5.9519359762080644e-05,5.987762616176151e-05,2e-07
-9.209209209209214e-06,5.946732449257225e-05,5.951262486314196e-05,2e-07
-9.009009009009015e-06,5.941326640656686e-05,5.920383351753808e-05,2e-07
-8.808808808808815e-06,5.9357403074028664e-05,5.942830592988678e-05,2e-07
-8.608608608608615e-06,5.929995920367004e-05,5.929563996484032e-05,2e-07
-8.408408408408415e-06,5.9241165754350916e-05,5.9500833184848076e-05,2e-07
-8.208208208208216e-06,5.91812590217619e-05,5.9629939204275314e-05,2e-07
-8.008008008008016e-06,5.912047970401098e-05,5.899035191825517e-05,2e-07
-7.807807807807816e-06,5.905907194979256e-05,5.9319291080803245e-05,2e-07
-7.6076076076076165e-06,5.899728239291655e-05,5.886914790276791e-05,2e-07
-7.407407407407417e-06,5.8935359177004766e-05,5.919711267400895e-05,2e-07
-7.207207207207217e-06,5.887355097422593e-05,5.887715652259431e-05,2e-07
-7.007007007007017e-06,5.8812106001932416e-05,5.867890408660481e-05,2e-07
-6.806806806806818e-06,5.8751271041095594e-05,5.855373291011545e-05,2e-07
-6.606606606606618e-06,5.869129046042932e-05,5.872380095249574e-05,2e-07
-6.406406406406418e-06,5.863240525004441e-05,5.8572427505881296e-05,2e-07
-6.2062062062062185e-06,5.857485206846391e-05,5.867626653769483e-05,2e-07
-6.006006006006019e-06,5.851886230677496e-05,5.875380630984912e-05,2e-07
-5.805805805805819e-06,5.846466117360198e-05,5.849143165791533e-05,2e-07
-5.605605605605619e-06,5.841246680453299e-05,5.826465195663717e-05,2e-07
-5.40540540540542e-06,5.8362489399511356e-05,5.801547272687701e-05,2e-07
-5.20520520520522e-06,5.831493039161609e-05,5.8134703996705837e-05,2e-07
-5.00500500500502e-06,5.826998165050333e-05,5.863683792767127e-05,2e-07
-4.80480480480482e-06,5.822782472366641e-05,5.8235607758290926e-05,2e-07
-4.604604604604621e-06,5.818863011852016e-05,5.828023232211071e-05,2e-07
-4.404404404404421e-06,5.815255662813591e-05,5.802231702514541e-05,2e-07
-4.204204204204221e-06,5.811975070330415e-05,5.810594392362126e-05,2e-07
-4.0040040040040215e-06,5.809034587340093e-05,5.7897883170453455e-05,2e-07
-3.803803803803822e-06,5.806446221835616e-05,5.791160854120203e-05,2e-07
-3.603603603603622e-06,5.804220589380234e-05,5.780045511619581e-05,2e-07
-3.4034034034034224e-06,5.80236687112872e-05,5.8023645972682426e-05,2e-07
-3.2032032032032226e-06,5.800892777521191e-05,5.790094295937748e-05,2e-07
-3.003003003003023e-06,5.799804517792464e-05,5.780548047469473e-05,2e-07
-2.802802802802823e-06,5.7991067754179594e-05,5.7928349810281644e-05,2e-07
-2.6026026026026235e-06,5.798802689593241e-05,5.806590288808138e-05,2e-07
-2.4024024024024238e-06,5.7988938428201766e-05,5.782754144729135e-05,2e-07
-2.202202202202224e-06,5.799380254649027e-05,5.762913295674209e-05,2e-07
-2.0020020020020243e-06,5.800260381601165e-05,5.791873271810241e-05,2e-07
-1.8018018018018246e-06,5.80153112327264e-05,5.790361358695021e-05,2e-07
-1.6016016016016249e-06,5.803187834594554e-05,5.77842800977386e-05,2e-07
-1.4014014014014252e-06,5.805224344201822e-05,5.832797184511612e-05,2e-07
-1.2012012012012254e-06,5.807632978837366e-05,5.794520815226343e-05,2e-07
-1.0010010010010257e-06,5.8104045936956284e-05,5.8187699311309046e-05,2e-07
-8.00800800800826e-07,5.81352860858536e-05,5.7963345892976717e-05,2e-07
-6.006006006005992e-07,5.816993049768165e-05,5.8122752116675225e-05,2e-07
-4.0040040040039944e-07,5.820784597308153e-05,5.811060440470825e-05,2e-07
-2.0020020020019972e-07,5.824888637744799e-05,5.8237751790166604e-05,2e-07
0.0,5.829289321881317e-05,5.843068065001132e-05,2e-07
